-- phpMyAdmin SQL Dump
-- version 4.7.7
-- https://www.phpmyadmin.net/
--
-- Хост: 127.0.0.1:3306
-- Время создания: Апр 02 2019 г., 18:00
-- Версия сервера: 5.7.20
-- Версия PHP: 7.2.0

SET SQL_MODE = "NO_AUTO_VALUE_ON_ZERO";
SET AUTOCOMMIT = 0;
START TRANSACTION;
SET time_zone = "+00:00";


/*!40101 SET @OLD_CHARACTER_SET_CLIENT=@@CHARACTER_SET_CLIENT */;
/*!40101 SET @OLD_CHARACTER_SET_RESULTS=@@CHARACTER_SET_RESULTS */;
/*!40101 SET @OLD_COLLATION_CONNECTION=@@COLLATION_CONNECTION */;
/*!40101 SET NAMES utf8mb4 */;

--
-- База данных: `fitees`
--

-- --------------------------------------------------------

--
-- Структура таблицы `answers`
--

CREATE TABLE `answers` (
  `id` int(10) UNSIGNED NOT NULL,
  `content` varchar(255) COLLATE utf8mb4_unicode_ci NOT NULL,
  `is_correct` tinyint(1) NOT NULL,
  `created_at` timestamp NULL DEFAULT NULL,
  `updated_at` timestamp NULL DEFAULT NULL,
  `question_id` int(10) UNSIGNED NOT NULL DEFAULT '1'
) ENGINE=InnoDB DEFAULT CHARSET=utf8mb4 COLLATE=utf8mb4_unicode_ci;

--
-- Дамп данных таблицы `answers`
--

INSERT INTO `answers` (`id`, `content`, `is_correct`, `created_at`, `updated_at`, `question_id`) VALUES
(1, 'Відповідь №1', 0, NULL, NULL, 1),
(2, 'Відповідь №2', 0, NULL, NULL, 1),
(3, 'Відповідь №3', 1, NULL, NULL, 1),
(4, 'Відповідь №4', 1, NULL, NULL, 1),
(5, 'Відповідь №1', 0, NULL, NULL, 2),
(6, 'Відповідь №2', 1, NULL, NULL, 2),
(7, 'Відповідь №3', 1, NULL, NULL, 2),
(8, 'Відповідь №4', 1, NULL, NULL, 2),
(9, 'Відповідь №1', 0, NULL, NULL, 3),
(10, 'Відповідь №2', 1, NULL, NULL, 3),
(11, 'Відповідь №3', 1, NULL, NULL, 3),
(12, 'Відповідь №4', 0, NULL, NULL, 3),
(13, 'Відповідь №1', 1, NULL, NULL, 4),
(14, 'Відповідь №2', 0, NULL, NULL, 4),
(15, 'Відповідь №3', 1, NULL, NULL, 4),
(16, 'Відповідь №4', 0, NULL, NULL, 4),
(17, 'Відповідь №1', 1, NULL, NULL, 5),
(18, 'Відповідь №2', 0, NULL, NULL, 5),
(19, 'Відповідь №3', 0, NULL, NULL, 5),
(20, 'Відповідь №4', 1, NULL, NULL, 5),
(21, 'Відповідь №1', 0, NULL, NULL, 6),
(22, 'Відповідь №2', 1, NULL, NULL, 6),
(23, 'Відповідь №3', 0, NULL, NULL, 6),
(24, 'Відповідь №4', 1, NULL, NULL, 6),
(25, 'Відповідь №1', 1, NULL, NULL, 7),
(26, 'Відповідь №2', 1, NULL, NULL, 7),
(27, 'Відповідь №3', 1, NULL, NULL, 7),
(28, 'Відповідь №4', 0, NULL, NULL, 7),
(29, 'Відповідь №1', 1, NULL, NULL, 8),
(30, 'Відповідь №2', 0, NULL, NULL, 8),
(31, 'Відповідь №3', 1, NULL, NULL, 8),
(32, 'Відповідь №4', 1, NULL, NULL, 8),
(33, 'Відповідь №1', 0, NULL, NULL, 9),
(34, 'Відповідь №2', 0, NULL, NULL, 9),
(35, 'Відповідь №3', 0, NULL, NULL, 9),
(36, 'Відповідь №4', 1, NULL, NULL, 9),
(37, 'Відповідь №1', 0, NULL, NULL, 10),
(38, 'Відповідь №2', 1, NULL, NULL, 10),
(39, 'Відповідь №3', 1, NULL, NULL, 10),
(40, 'Відповідь №4', 1, NULL, NULL, 10),
(41, 'Відповідь №1', 1, NULL, NULL, 11),
(42, 'Відповідь №2', 0, NULL, NULL, 11),
(43, 'Відповідь №3', 0, NULL, NULL, 11),
(44, 'Відповідь №4', 0, NULL, NULL, 11),
(45, 'Відповідь №1', 1, NULL, NULL, 12),
(46, 'Відповідь №2', 1, NULL, NULL, 12),
(47, 'Відповідь №3', 1, NULL, NULL, 12),
(48, 'Відповідь №4', 0, NULL, NULL, 12),
(49, 'Відповідь №1', 0, NULL, NULL, 13),
(50, 'Відповідь №2', 1, NULL, NULL, 13),
(51, 'Відповідь №3', 1, NULL, NULL, 13),
(52, 'Відповідь №4', 1, NULL, NULL, 13),
(53, 'Відповідь №1', 0, NULL, NULL, 14),
(54, 'Відповідь №2', 0, NULL, NULL, 14),
(55, 'Відповідь №3', 0, NULL, NULL, 14),
(56, 'Відповідь №4', 0, NULL, NULL, 14),
(57, 'Відповідь №1', 1, NULL, NULL, 15),
(58, 'Відповідь №2', 0, NULL, NULL, 15),
(59, 'Відповідь №3', 0, NULL, NULL, 15),
(60, 'Відповідь №4', 0, NULL, NULL, 15),
(61, 'Відповідь №1', 1, NULL, NULL, 16),
(62, 'Відповідь №2', 1, NULL, NULL, 16),
(63, 'Відповідь №3', 1, NULL, NULL, 16),
(64, 'Відповідь №4', 0, NULL, NULL, 16),
(65, 'Відповідь №1', 1, NULL, NULL, 17),
(66, 'Відповідь №2', 1, NULL, NULL, 17),
(67, 'Відповідь №3', 1, NULL, NULL, 17),
(68, 'Відповідь №4', 0, NULL, NULL, 17),
(69, 'Відповідь №1', 1, NULL, NULL, 18),
(70, 'Відповідь №2', 0, NULL, NULL, 18),
(71, 'Відповідь №3', 0, NULL, NULL, 18),
(72, 'Відповідь №4', 0, NULL, NULL, 18),
(73, 'Відповідь №1', 0, NULL, NULL, 19),
(74, 'Відповідь №2', 0, NULL, NULL, 19),
(75, 'Відповідь №3', 0, NULL, NULL, 19),
(76, 'Відповідь №4', 0, NULL, NULL, 19),
(77, 'Відповідь №1', 0, NULL, NULL, 20),
(78, 'Відповідь №2', 0, NULL, NULL, 20),
(79, 'Відповідь №3', 1, NULL, NULL, 20),
(80, 'Відповідь №4', 1, NULL, NULL, 20),
(81, 'Відповідь №1', 0, NULL, NULL, 21),
(82, 'Відповідь №2', 1, NULL, NULL, 21),
(83, 'Відповідь №3', 0, NULL, NULL, 21),
(84, 'Відповідь №4', 1, NULL, NULL, 21),
(85, 'Відповідь №1', 1, NULL, NULL, 22),
(86, 'Відповідь №2', 1, NULL, NULL, 22),
(87, 'Відповідь №3', 1, NULL, NULL, 22),
(88, 'Відповідь №4', 1, NULL, NULL, 22),
(89, 'Відповідь №1', 0, NULL, NULL, 23),
(90, 'Відповідь №2', 1, NULL, NULL, 23),
(91, 'Відповідь №3', 1, NULL, NULL, 23),
(92, 'Відповідь №4', 0, NULL, NULL, 23),
(93, 'Відповідь №1', 0, NULL, NULL, 24),
(94, 'Відповідь №2', 1, NULL, NULL, 24),
(95, 'Відповідь №3', 0, NULL, NULL, 24),
(96, 'Відповідь №4', 0, NULL, NULL, 24),
(97, 'Відповідь №1', 0, NULL, NULL, 25),
(98, 'Відповідь №2', 0, NULL, NULL, 25),
(99, 'Відповідь №3', 1, NULL, NULL, 25),
(100, 'Відповідь №4', 1, NULL, NULL, 25),
(101, 'Відповідь №1', 1, NULL, NULL, 26),
(102, 'Відповідь №2', 1, NULL, NULL, 26),
(103, 'Відповідь №3', 1, NULL, NULL, 26),
(104, 'Відповідь №4', 0, NULL, NULL, 26),
(105, 'Відповідь №1', 1, NULL, NULL, 27),
(106, 'Відповідь №2', 0, NULL, NULL, 27),
(107, 'Відповідь №3', 1, NULL, NULL, 27),
(108, 'Відповідь №4', 1, NULL, NULL, 27),
(109, 'Відповідь №1', 1, NULL, NULL, 28),
(110, 'Відповідь №2', 1, NULL, NULL, 28),
(111, 'Відповідь №3', 1, NULL, NULL, 28),
(112, 'Відповідь №4', 0, NULL, NULL, 28),
(113, 'Відповідь №1', 1, NULL, NULL, 29),
(114, 'Відповідь №2', 1, NULL, NULL, 29),
(115, 'Відповідь №3', 1, NULL, NULL, 29),
(116, 'Відповідь №4', 1, NULL, NULL, 29),
(117, 'Відповідь №1', 0, NULL, NULL, 30),
(118, 'Відповідь №2', 1, NULL, NULL, 30),
(119, 'Відповідь №3', 1, NULL, NULL, 30),
(120, 'Відповідь №4', 1, NULL, NULL, 30),
(121, 'Відповідь №1', 0, NULL, NULL, 31),
(122, 'Відповідь №2', 0, NULL, NULL, 31),
(123, 'Відповідь №3', 0, NULL, NULL, 31),
(124, 'Відповідь №4', 1, NULL, NULL, 31),
(125, 'Відповідь №1', 1, NULL, NULL, 32),
(126, 'Відповідь №2', 0, NULL, NULL, 32),
(127, 'Відповідь №3', 0, NULL, NULL, 32),
(128, 'Відповідь №4', 1, NULL, NULL, 32),
(129, 'Відповідь №1', 0, NULL, NULL, 33),
(130, 'Відповідь №2', 1, NULL, NULL, 33),
(131, 'Відповідь №3', 1, NULL, NULL, 33),
(132, 'Відповідь №4', 1, NULL, NULL, 33),
(133, 'Відповідь №1', 0, NULL, NULL, 34),
(134, 'Відповідь №2', 1, NULL, NULL, 34),
(135, 'Відповідь №3', 0, NULL, NULL, 34),
(136, 'Відповідь №4', 1, NULL, NULL, 34),
(137, 'Відповідь №1', 1, NULL, NULL, 35),
(138, 'Відповідь №2', 0, NULL, NULL, 35),
(139, 'Відповідь №3', 1, NULL, NULL, 35),
(140, 'Відповідь №4', 1, NULL, NULL, 35),
(141, 'Відповідь №1', 1, NULL, NULL, 36),
(142, 'Відповідь №2', 0, NULL, NULL, 36),
(143, 'Відповідь №3', 1, NULL, NULL, 36),
(144, 'Відповідь №4', 0, NULL, NULL, 36),
(145, 'Відповідь №1', 0, NULL, NULL, 37),
(146, 'Відповідь №2', 1, NULL, NULL, 37),
(147, 'Відповідь №3', 0, NULL, NULL, 37),
(148, 'Відповідь №4', 1, NULL, NULL, 37),
(149, 'Відповідь №1', 1, NULL, NULL, 38),
(150, 'Відповідь №2', 1, NULL, NULL, 38),
(151, 'Відповідь №3', 1, NULL, NULL, 38),
(152, 'Відповідь №4', 0, NULL, NULL, 38),
(153, 'Відповідь №1', 0, NULL, NULL, 39),
(154, 'Відповідь №2', 1, NULL, NULL, 39),
(155, 'Відповідь №3', 0, NULL, NULL, 39),
(156, 'Відповідь №4', 1, NULL, NULL, 39),
(157, 'Відповідь №1', 1, NULL, NULL, 40),
(158, 'Відповідь №2', 0, NULL, NULL, 40),
(159, 'Відповідь №3', 0, NULL, NULL, 40),
(160, 'Відповідь №4', 0, NULL, NULL, 40),
(161, 'Відповідь №1', 1, NULL, NULL, 41),
(162, 'Відповідь №2', 1, NULL, NULL, 41),
(163, 'Відповідь №3', 1, NULL, NULL, 41),
(164, 'Відповідь №4', 1, NULL, NULL, 41),
(165, 'Відповідь №1', 0, NULL, NULL, 42),
(166, 'Відповідь №2', 0, NULL, NULL, 42),
(167, 'Відповідь №3', 0, NULL, NULL, 42),
(168, 'Відповідь №4', 1, NULL, NULL, 42),
(169, 'Відповідь №1', 1, NULL, NULL, 43),
(170, 'Відповідь №2', 1, NULL, NULL, 43),
(171, 'Відповідь №3', 0, NULL, NULL, 43),
(172, 'Відповідь №4', 0, NULL, NULL, 43),
(173, 'Відповідь №1', 0, NULL, NULL, 44),
(174, 'Відповідь №2', 0, NULL, NULL, 44),
(175, 'Відповідь №3', 1, NULL, NULL, 44),
(176, 'Відповідь №4', 0, NULL, NULL, 44),
(177, 'Відповідь №1', 0, NULL, NULL, 45),
(178, 'Відповідь №2', 0, NULL, NULL, 45),
(179, 'Відповідь №3', 0, NULL, NULL, 45),
(180, 'Відповідь №4', 0, NULL, NULL, 45),
(181, 'Відповідь №1', 1, NULL, NULL, 46),
(182, 'Відповідь №2', 1, NULL, NULL, 46),
(183, 'Відповідь №3', 0, NULL, NULL, 46),
(184, 'Відповідь №4', 1, NULL, NULL, 46),
(185, 'Відповідь №1', 0, NULL, NULL, 47),
(186, 'Відповідь №2', 1, NULL, NULL, 47),
(187, 'Відповідь №3', 0, NULL, NULL, 47),
(188, 'Відповідь №4', 0, NULL, NULL, 47),
(189, 'Відповідь №1', 0, NULL, NULL, 48),
(190, 'Відповідь №2', 0, NULL, NULL, 48),
(191, 'Відповідь №3', 1, NULL, NULL, 48),
(192, 'Відповідь №4', 0, NULL, NULL, 48),
(193, 'Відповідь №1', 1, NULL, NULL, 49),
(194, 'Відповідь №2', 1, NULL, NULL, 49),
(195, 'Відповідь №3', 1, NULL, NULL, 49),
(196, 'Відповідь №4', 1, NULL, NULL, 49),
(197, 'Відповідь №1', 0, NULL, NULL, 50),
(198, 'Відповідь №2', 1, NULL, NULL, 50),
(199, 'Відповідь №3', 0, NULL, NULL, 50),
(200, 'Відповідь №4', 1, NULL, NULL, 50);

-- --------------------------------------------------------

--
-- Структура таблицы `assignments`
--

CREATE TABLE `assignments` (
  `id` int(10) UNSIGNED NOT NULL,
  `name` varchar(255) COLLATE utf8mb4_unicode_ci NOT NULL,
  `description` text COLLATE utf8mb4_unicode_ci NOT NULL,
  `number` int(10) UNSIGNED NOT NULL DEFAULT '0',
  `alias` varchar(150) COLLATE utf8mb4_unicode_ci NOT NULL,
  `created_at` timestamp NULL DEFAULT NULL,
  `updated_at` timestamp NULL DEFAULT NULL,
  `course_id` int(10) UNSIGNED NOT NULL DEFAULT '1'
) ENGINE=InnoDB DEFAULT CHARSET=utf8mb4 COLLATE=utf8mb4_unicode_ci;

--
-- Дамп данных таблицы `assignments`
--

INSERT INTO `assignments` (`id`, `name`, `description`, `number`, `alias`, `created_at`, `updated_at`, `course_id`) VALUES
(1, 'Модуль 1', 'Модуль 1 містить 5 запитань. Даний модуль підводить підсумки трьотижневого навчання студента за курсом', 1, 'assignment-1', NULL, NULL, 1),
(2, 'Модуль 2', 'Модуль 2 містить 5 запитань. Даний модуль підводить підсумки трьотижневого навчання студента за курсом', 2, 'assignment-2', NULL, NULL, 1),
(3, 'Модуль 3', 'Модуль 3 містить 5 запитань. Даний модуль підводить підсумки трьотижневого навчання студента за курсом', 3, 'assignment-3', NULL, NULL, 1),
(4, 'Модуль 4', 'Модуль 4 містить 5 запитань. Даний модуль підводить підсумки трьотижневого навчання студента за курсом', 4, 'assignment-4', NULL, NULL, 1),
(5, 'Модуль 5', 'Модуль 5 містить 5 запитань. Даний модуль підводить підсумки трьотижневого навчання студента за курсом', 5, 'assignment-5', NULL, NULL, 1);

-- --------------------------------------------------------

--
-- Структура таблицы `assignment_results`
--

CREATE TABLE `assignment_results` (
  `id` int(10) UNSIGNED NOT NULL,
  `score` int(10) UNSIGNED NOT NULL DEFAULT '0',
  `completion_date` timestamp NOT NULL DEFAULT CURRENT_TIMESTAMP,
  `answers` text COLLATE utf8mb4_unicode_ci NOT NULL,
  `created_at` timestamp NULL DEFAULT NULL,
  `updated_at` timestamp NULL DEFAULT NULL,
  `user_course_id` int(10) UNSIGNED NOT NULL DEFAULT '1',
  `assignment_id` int(10) UNSIGNED NOT NULL DEFAULT '1'
) ENGINE=InnoDB DEFAULT CHARSET=utf8mb4 COLLATE=utf8mb4_unicode_ci;

--
-- Дамп данных таблицы `assignment_results`
--

INSERT INTO `assignment_results` (`id`, `score`, `completion_date`, `answers`, `created_at`, `updated_at`, `user_course_id`, `assignment_id`) VALUES
(1, 10, '2019-04-02 14:37:08', 'Answers_text_1', NULL, NULL, 5, 21),
(2, 57, '2019-04-02 14:37:08', 'Answers_text_2', NULL, NULL, 15, 17),
(3, 35, '2019-04-02 14:37:08', 'Answers_text_3', NULL, NULL, 9, 24),
(4, 5, '2019-04-02 14:37:08', 'Answers_text_4', NULL, NULL, 7, 8),
(5, 96, '2019-04-02 14:37:08', 'Answers_text_5', NULL, NULL, 13, 20),
(6, 25, '2019-04-02 14:37:08', 'Answers_text_6', NULL, NULL, 16, 10),
(7, 79, '2019-04-02 14:37:08', 'Answers_text_7', NULL, NULL, 27, 3),
(8, 93, '2019-04-02 14:37:08', 'Answers_text_8', NULL, NULL, 3, 6),
(9, 91, '2019-04-02 14:37:08', 'Answers_text_9', NULL, NULL, 8, 11),
(10, 74, '2019-04-02 14:37:08', 'Answers_text_10', NULL, NULL, 17, 18),
(11, 88, '2019-04-02 14:37:08', 'Answers_text_11', NULL, NULL, 20, 8),
(12, 87, '2019-04-02 14:37:08', 'Answers_text_12', NULL, NULL, 17, 17),
(13, 32, '2019-04-02 14:37:08', 'Answers_text_13', NULL, NULL, 22, 13),
(14, 4, '2019-04-02 14:37:08', 'Answers_text_14', NULL, NULL, 11, 14),
(15, 97, '2019-04-02 14:37:08', 'Answers_text_15', NULL, NULL, 24, 19),
(16, 21, '2019-04-02 14:37:08', 'Answers_text_16', NULL, NULL, 12, 14),
(17, 7, '2019-04-02 14:37:08', 'Answers_text_17', NULL, NULL, 22, 30),
(18, 46, '2019-04-02 14:37:08', 'Answers_text_18', NULL, NULL, 7, 18),
(19, 33, '2019-04-02 14:37:08', 'Answers_text_19', NULL, NULL, 4, 18),
(20, 86, '2019-04-02 14:37:08', 'Answers_text_20', NULL, NULL, 9, 21),
(21, 75, '2019-04-02 14:37:08', 'Answers_text_21', NULL, NULL, 15, 28),
(22, 85, '2019-04-02 14:37:08', 'Answers_text_22', NULL, NULL, 21, 14),
(23, 14, '2019-04-02 14:37:08', 'Answers_text_23', NULL, NULL, 12, 29),
(24, 84, '2019-04-02 14:37:08', 'Answers_text_24', NULL, NULL, 23, 21),
(25, 68, '2019-04-02 14:37:08', 'Answers_text_25', NULL, NULL, 23, 20),
(26, 14, '2019-04-02 14:37:08', 'Answers_text_26', NULL, NULL, 30, 25),
(27, 60, '2019-04-02 14:37:08', 'Answers_text_27', NULL, NULL, 1, 7),
(28, 95, '2019-04-02 14:37:08', 'Answers_text_28', NULL, NULL, 25, 23),
(29, 14, '2019-04-02 14:37:08', 'Answers_text_29', NULL, NULL, 13, 5),
(30, 51, '2019-04-02 14:37:08', 'Answers_text_30', NULL, NULL, 25, 17);

-- --------------------------------------------------------

--
-- Структура таблицы `courses`
--

CREATE TABLE `courses` (
  `id` int(10) UNSIGNED NOT NULL,
  `name` varchar(255) COLLATE utf8mb4_unicode_ci NOT NULL,
  `description` text COLLATE utf8mb4_unicode_ci,
  `image` varchar(255) COLLATE utf8mb4_unicode_ci DEFAULT NULL,
  `info` text COLLATE utf8mb4_unicode_ci,
  `status` int(10) UNSIGNED NOT NULL DEFAULT '0',
  `alias` varchar(150) COLLATE utf8mb4_unicode_ci NOT NULL,
  `created_at` timestamp NULL DEFAULT NULL,
  `updated_at` timestamp NULL DEFAULT NULL,
  `author_id` int(10) UNSIGNED NOT NULL
) ENGINE=InnoDB DEFAULT CHARSET=utf8mb4 COLLATE=utf8mb4_unicode_ci;

--
-- Дамп данных таблицы `courses`
--

INSERT INTO `courses` (`id`, `name`, `description`, `image`, `info`, `status`, `alias`, `created_at`, `updated_at`, `author_id`) VALUES
(1, 'Педагогіка вищої школи', 'Навчальний курс з Педагогіки вищої школи для магістрів. Курс не є утвердженим для навчання та служить для наочного тестування правильності функціонування системи', 'pedagogics.jpg', 'Рекомендовано Міністерством освіти і науки України як навчальний посібник для студентів гірничих спеціальностей вищих навчальних закладів (лист Міністерства освіти і науки України від 12.11,2001 р. № І4/18.2-І633).\nПодано характеристики вищої освіти, розглянуті питання управління навчально-методичною діяльністю вищого навчального закладу, проектування педагогічної системи, організації навчального процесу, технології підготовки фахівців з вищою освітою.\nМатеріал навчального посібника спирається на праці визнаних фахівців з проблем вищої школи Володимира Петренка (Україна), Віктора Безпалька (Росія), Адольфа Мелецинека (Австрія). Посібник враховує положення Закону України \"Про вищу освіту\" та інших нормативних актів, висвітлює досвід НТУ у сфері планування та організації навчального процесу, впровадження новітніх технологій вищої школи.\nНавчальний посібник призначений для магістрів, які вивчають освітні технології вищої школи. Може бути корисним викладачам, що працюють на первинних посадах вищих навчальних закладів.', 1, 'pedagogics', NULL, NULL, 2),
(2, 'Курс 1', 'Опис курсу 1', 'course-1.jpg', NULL, 2, 'course-1', NULL, NULL, 3),
(3, 'Курс 2', 'Опис курсу 2', 'course-2.jpg', NULL, 2, 'course-2', NULL, NULL, 3),
(4, 'Курс 3', 'Опис курсу 3', 'course-3.jpg', NULL, 2, 'course-3', NULL, NULL, 2),
(5, 'Курс 4', 'Опис курсу 4', 'course-4.jpg', NULL, 2, 'course-4', NULL, NULL, 4),
(6, 'Курс 5', 'Опис курсу 5', 'course-5.jpg', NULL, 2, 'course-5', NULL, NULL, 4),
(7, 'Курс 6', 'Опис курсу 6', 'course-6.jpg', NULL, 1, 'course-6', NULL, NULL, 3),
(8, 'Курс 7', 'Опис курсу 7', 'course-7.jpg', NULL, 2, 'course-7', NULL, NULL, 2),
(9, 'Курс 8', 'Опис курсу 8', 'course-8.jpg', NULL, 1, 'course-8', NULL, NULL, 2);

-- --------------------------------------------------------

--
-- Структура таблицы `groups`
--

CREATE TABLE `groups` (
  `id` int(10) UNSIGNED NOT NULL,
  `name` varchar(255) COLLATE utf8mb4_unicode_ci NOT NULL,
  `created_at` timestamp NULL DEFAULT NULL,
  `updated_at` timestamp NULL DEFAULT NULL
) ENGINE=InnoDB DEFAULT CHARSET=utf8mb4 COLLATE=utf8mb4_unicode_ci;

--
-- Дамп данных таблицы `groups`
--

INSERT INTO `groups` (`id`, `name`, `created_at`, `updated_at`) VALUES
(1, 'Администраторы', NULL, NULL),
(2, 'Преподаватели', NULL, NULL),
(3, 'Абитуриенты', NULL, NULL),
(4, 'КИ-17м', NULL, NULL),
(5, 'КСМ-15-1', NULL, NULL),
(6, 'КСМ-15-2', NULL, NULL),
(7, 'КСМ-16-1', NULL, NULL),
(8, 'КСМ-16-2', NULL, NULL),
(9, 'КСМ-17-1', NULL, NULL),
(10, 'КСМ-17-2', NULL, NULL);

-- --------------------------------------------------------

--
-- Структура таблицы `migrations`
--

CREATE TABLE `migrations` (
  `id` int(10) UNSIGNED NOT NULL,
  `migration` varchar(255) COLLATE utf8mb4_unicode_ci NOT NULL,
  `batch` int(11) NOT NULL
) ENGINE=InnoDB DEFAULT CHARSET=utf8mb4 COLLATE=utf8mb4_unicode_ci;

--
-- Дамп данных таблицы `migrations`
--

INSERT INTO `migrations` (`id`, `migration`, `batch`) VALUES
(1, '2014_10_12_000000_create_users_table', 1),
(2, '2014_10_12_100000_create_password_resets_table', 1),
(3, '2018_08_04_153449_create_courses_table', 1),
(4, '2018_08_04_155558_create_groups_table', 1),
(5, '2018_08_04_155618_create_roles_table', 1),
(6, '2018_08_04_155705_create_user_courses_table', 1),
(7, '2018_08_04_155823_create_assignments_table', 1),
(8, '2018_08_04_155926_create_assignment_results_table', 1),
(9, '2018_08_04_160017_create_topics_table', 1),
(10, '2018_08_04_160033_create_pages_table', 1),
(11, '2018_08_04_160053_create_resources_table', 1),
(12, '2018_08_04_170406_create_resource_types_table', 1),
(13, '2018_08_21_143532_create_questions_table', 1),
(14, '2018_08_21_143559_create_answers_table', 1),
(15, '2018_08_04_174334_change_users_table', 2),
(16, '2018_08_04_174335_change_courses_table', 2),
(17, '2018_08_04_174739_change_user_courses_table', 2),
(18, '2018_08_04_175016_change_pages_table', 2),
(19, '2018_08_04_175045_change_resources_table', 2),
(20, '2018_08_04_175113_change_topics_table', 2),
(21, '2018_08_04_175206_change_assignments_table', 2),
(22, '2018_08_04_175258_change_assignment_results_table', 2),
(23, '2018_08_21_143709_change_questions_table', 2),
(24, '2018_08_21_143731_change_answers_table', 2);

-- --------------------------------------------------------

--
-- Структура таблицы `pages`
--

CREATE TABLE `pages` (
  `id` int(10) UNSIGNED NOT NULL,
  `name` varchar(255) COLLATE utf8mb4_unicode_ci NOT NULL,
  `content` text COLLATE utf8mb4_unicode_ci NOT NULL,
  `number` int(10) UNSIGNED NOT NULL DEFAULT '0',
  `created_at` timestamp NULL DEFAULT NULL,
  `updated_at` timestamp NULL DEFAULT NULL,
  `topic_id` int(10) UNSIGNED NOT NULL DEFAULT '1'
) ENGINE=InnoDB DEFAULT CHARSET=utf8mb4 COLLATE=utf8mb4_unicode_ci;

--
-- Дамп данных таблицы `pages`
--

INSERT INTO `pages` (`id`, `name`, `content`, `number`, `created_at`, `updated_at`, `topic_id`) VALUES
(1, '1.1.Вища освіта', 'Вища освіта - це рівень освіти, який здобувається особою у вищому навчальному закладі в результаті послідовного, системного і цілеспрямованого процесу засвоєння змісту навчання, котрий ґрунтується на повній загальній середній освіті та завершується здобуттям певної кваліфікації за підсумками державної атестації.\nВ Україні підготовка фахівців з вищою освітою, які відповідатимуть потребам суспільства в сучасних умовах, забезпечується ступеневою системою освіти (рис. 1,1). У вищих навчальних закладах реалізується модель вищої професійної освіти, що націлена на підготовку особи до виконання професійної роботи на певних посадах (у відмінності від західної моделі, за якою вищі навчальні заклади реалізують професійно спрямовані освітні програми).\nОсновні завдання системи вищої освіти:\n* забезпечення підготовки фахівців шляхом засвоєння освітньо-професійних програм, які задовольняють вимоги системи праці;\n* відтворення, розвиток і передача новим поколінням досягнень науки, техніки та культури, підготовка їх до наступної діяльності, формування у молоді гуманістичних світоглядних принципів, необхідних для діяльності у демократичному суспільстві.\nОсвітні рівні вищої освіти (неповна вища освіта, базова вища освіта, повна вища освіта) - це характеристика вищої освіти за ознаками ступеня сформованості інтелектуальних якостей особи, достатніх для здобуття кваліфікації, яка відповідає певному освітньо-кваліфікаційному рівню.\nОсвітньо-кваліфікаційний рівень вищої освіти (молодший спеціаліст, бакалавр, спеціаліст, магістр) - характеристика вищої освіти за ознаками ступеня сформованості знань, умінь та навичок особи.', 1, NULL, NULL, 1),
(2, '1.2. Вищий навчальний заклад', 'Вищий навчальний заклад (ВНЗ) - освітній, освітньо-науковий заклад, який заснований і діє відповідно до законодавства про освіту, реалізує відповідно до наданої ліцензії освітньо-професійні програми вищої освіти за певними освітніми та освітньо-кваліфікаційними рівнями, забезпечує навчання, виховання і професійну підготовку осіб відповідно до їх покликання, інтересів, здібностей та нормативних вимог у галузі вищої освіти, а також здійснює наукову і науково-технічну діяльність.\nВищий навчальний заклад державної форми власності - ВНЗ, заснований державою, що фінансується з державного бюджету І підпорядковується Міністерству освіти і науки України (МОН України) або галузевим міністерствам;\nВищий навчальний заклад, що перебуває у власності Автономної Республіки Крим, - ВНЗ, заснований органами влади Автономної Республіки Крим, що фінансується з бюджету Автономної Республіки Крим і підпорядкований органам влади Автономної Республіки Крим.\nВищий навчальний заклад комунальної форми власності - ВНЗ, заснований місцевими органами влади, що фінансується з місцевого бюджету і підпорядкований місцевим органам влади.\nВищий навчальний заклад приватної форми власності - ВНЗ, заснований на приватній власності і підпорядкований власнику (власникам).\nОсновна мета діяльності ВНЗ - забезпечення умов, необхідних для отримання особою вищої освіти, підготовка фахівців для потреб України.\nСтруктурними підрозділами ВНЗ першого та другого рівнів акредитації є відділення і предметні (циклові) комісії.\nВідділення - структурний підрозділ, що об`єднує навчальні групи з однієї або кількох спеціальностей, методичні, навчально-виробничі та інші підрозділи. Відділення створюється рішенням керівника ВНЗ, якщо на ньому навчається не менше ніж 150 студентів.\nПредметна комісія - структурний навчально-методичний підрозділ, що проводить виховну, навчальну та методичну роботу з однієї або кількох споріднених навчальних дисциплін. Предметна (циклова) комісія створюється рішенням керівника ВНЗ за умови, якщо до ЇЇ складу входить не менше ніж три педагогічних працівники.\nФілія - відокремлений структурний підрозділ, що створюється з метою забезпечення потреб у фахівцях місцевого ринку праці та наближення місця навчання студентів до їх місця проживання\n', 2, NULL, NULL, 1),
(3, '1.3. Концепція освітньої діяльності вищого навчального закладу', 'Концепція освітньої діяльності ВНЗ є складовою його статуту, який затверджує МОН України. Як приклад нижче подана концепція освітньої діяльності Національного гірничого університету.\nЦіпі, принципи та цільові програми освітньої діяльності Національного гірничого університету (далі Університет) еідловідають концептуальним ідеям національної Доктрини розвитку освіти, Закону України \"Про освіту\", Закону України \"Про вищу освіту\", Державної національної програми \"Освіта\" (\"Україна XXI століття\").\nЦілі освітньої діяльності:	, .\n*	відтворення Інтелектуального потенціалу держави;\n*	забезпечення сфер соціальної та виробничої діяльності кваліфікованими фахівцями;»  формування моральних принципів та норм поводження особистості.\nОсвітня діяльність базується на принципах:\n*	багатопрофільності;\n*	якості освітніх послуг: якості змісту освіти, якості результатів освіти, якості технологійнавчання;\n*	ступеневості підготовки фахівців;\n*	становлення демократичної системи навчання;\n*	задоволення освітніх потреб студентів відповідно до їх інтересів, здібностей та потребсуспільства;\n.   *  використання державних стандартів вищої освіти як обов`язкового мінімуму змісту освіти і змісту навчання;\n/9\n*	відповідності рівня освіти та освітньо-кваліфікаційного рівня підготовки випускників вимогамсуспільного поділу праці;\n*	випереджального інноваційного розвитку освіти;\n*	мобільності підготовки фахівців щодо задоволення вимог ринку праці;»  особистісної орієнтації освіти;\n»  інтеграції до європейського та світового освітніх просторів;\n*	формування національних і загальнолюдських цінностей;\n*	системності аналізу всіх чинників, що впливають на якість освітньої діяльності, моніторингу тасвоєчасного запобігання кризових явищ на рівні академічної групи, навчального курсу, кафедри,факультету, навчального закладу;\n*	моніторингу якості освіти, забезпечення його прозорості, сприяння розвитку громадськогоконтролю.\nЦільові програми діяльності та засоби реалізації\nКадрове забезпечення основних галузей промисловості та сфери послуг через:\n*	формування якісного контингенту студентів;\n« адекватність змісту освіти вимогам системи праці;\n*	формування змісту освіти та змісту навчання на основі суб`сктно-діяльнісного підходу запринципами цілеспрямованості, прогностичності та діагностичності;\n» формування вузівської компоненти державних стандартів вищої освіти з урахуванням традицій наукових шкіл Університету, потреб галузі та запитів студентів;\n*	формування номенклатури напрямів і спеціальностей адекватно змінам ринкових умов;\n*	конкурентоспроможність випускників на ринку праці;\n*	оновлення змісту освіти та організації навчально-виховного процесу відповідно додемократичних цінностей, сучасних науково-технічних досягнень;\n', 3, NULL, NULL, 1),
(4, '1.4. Ліцензування освітньої діяльності, акредитація напрямів, спеціальностей та вищих навчальних закладів', 'Освітня діяльність на території України здійснюється вищими навчальними закладами на підставі ліцензій, які видаються у порядку, встановленому Кабінетом Міністрів України.\nЛіцензування освітньої діяльності ВНЗ здійснюється перед початком підготовки фахівців за напрямом, спеціальністю.\nЛіцензування - процедура визнання спроможності ВНЗ певного типу розпочати освітню діяльність, пов`язану із здобуттям вищої освіти та кваліфікації, відповідно до вимог стандартів вищої освіти, а також до державних вимог щодо кадрового, науково-методичного та матеріально-технічного забезпечення.\nМіністерство освіти і науки України на підставі заяви ВНЗ про проведення ліцензійної експертизи у двомісячний термін приймає рішення про видачу ліцензії або про відмову у ЇЇ видачі.\nОбов`язковою умовою видачі ліцензії вищим навчальним закладам є наявність у них необхідної матеріально-технічної, науково-методичної та інформаційної бази, бібліотеки, науково-педагогічних кадрів за нормативами, що встановлює МОН України.\nВищому навчальному закладу, що успішно пройшов ліцензійну експертизу, видається ліцензія на освітню діяльність, як правило, на термін завершення циклу підготовки фахівців за напрямом, спеціальністю, але не менше ніж на три роки. Продовження терміну дії ліцензії здійснюється у порядку, встановленому для її одержання. Із дня прийняття рішення про ліквідацію ВНЗ видана ліцензія втрачає чинність.\nоищі навчальні заклади, що мають ліцензії, вносяться МОН ^країни до Державного реєстру вищих навчальних закладів.\nНаприкінці терміну дії ліцензії через процедуру акредитації визначається відповідність рівня підготовки фахівців за ліцензованими спеціальностями.\nАкредитація   -   процедура  надання  вищому  навчальному  закладу\nвного типу права проводити освітню діяльність, пов`язану із здобуттям\nЩоі освіти та кваліфікації, відповідно до вимог стандартів вищої освіти,\nакож до державних вимог щодо кадрового,  науково-методичного та\nматеріально-технічного забезпечення.\n', 4, NULL, NULL, 1),
(5, '1.5. Суб`єкти навчально-виховного процесу', 'Особами, які навчаються у вищих навчальних закладах, є студенти (слухачі), курсанти, екстерни, асистенти-стажисти, інтерни, клінічні ординатори, здобувачі, аспіранти (ад`юнкти) та докторанти.\nСтудент (слухач) - особа, яка в установленому порядку зарахована до ВНЗ і навчається за денною (очною), вечірньою або заочного, дистанційною формами навчання з метою здобуття певних освітнього та освітньо-кваліфікаційного рівнів.\nКурсант - особа, яка в установленому порядку зарахована до військового ВНЗ і навчається з метою здобуття певних освітнього та освітньо-кваліфікаційного рівнів.\nекстерн   -   особа,   яка   в   установленому   порядку   зарахована   до\nВНЧ має    відповідний    освітній,    освітньо-кваліфікаційний    рівень    і\nвчається за екстернатною формою навчання з метою здобуття певних Ітнього та освітньо-кваліфікаційного рівнів. Асистент-стажист - особа, яка має повну вищу освіту та освітньо-кваліфікаційний рівень магістра або спеціаліста, навчається в асистентурі (стажування) ВНЗ мистецького профілю з метою удосконалення творчої майстерності.\nІнтерн - особа, яка має повну вищу освіту і освітньо-кваліфікаційний рівень спеціаліста медичного або фармацевтичного спрямування, навчається з метою отримання кваліфікації лікаря або провізора певної спеціальності відповідно до переліку лікарських або провізорських посад.\nКлінічний ординатор - особа, яка має повну вищу освіту та освітньо-кваліфікаційний рівень спеціаліста або магістра медичного спрямування та кваліфікацію лікаря певної спеціальності відповідно до переліку лікарських посад, навчається з метою поглиблення професійних знань, підвищення рівнів умінь та навичок лікаря-спеціаліста.\nЗдобувач - особа, яка прикріплена до аспірантури або докторантури ВНЗ або наукової установи і готує дисертацію на здобуття наукового ступеня кандидата наук без навчання в аспірантурі, або особа, яка має науковий ступінь кандидата наук і готує дисертацію на здобуття наукового ступеня доктора наук без перебування в докторантурі.\nАспірант (ад`юнкт) - особа, яка має повну вищу освіту та освітньо-кваліфікаційний рівень магістра або спеціаліста, навчається в аспірантурі (ад`юнктурі) ВНЗ або наукової установи для підготовки дисертації на здобуття наукового ступеня кандидата наук.\nДокторант - особа, яка має науковий ступінь кандидата наук і зарахована до докторантури для підготовки дисертації на здобуття наукового ступеня доктора наук.\n\n', 5, NULL, NULL, 1),
(6, '2.1.Вища освіта', 'Вища освіта - це рівень освіти, який здобувається особою у вищому навчальному закладі в результаті послідовного, системного і цілеспрямованого процесу засвоєння змісту навчання, котрий ґрунтується на повній загальній середній освіті та завершується здобуттям певної кваліфікації за підсумками державної атестації.\nВ Україні підготовка фахівців з вищою освітою, які відповідатимуть потребам суспільства в сучасних умовах, забезпечується ступеневою системою освіти (рис. 1,1). У вищих навчальних закладах реалізується модель вищої професійної освіти, що націлена на підготовку особи до виконання професійної роботи на певних посадах (у відмінності від західної моделі, за якою вищі навчальні заклади реалізують професійно спрямовані освітні програми).\nОсновні завдання системи вищої освіти:\n* забезпечення підготовки фахівців шляхом засвоєння освітньо-професійних програм, які задовольняють вимоги системи праці;\n* відтворення, розвиток і передача новим поколінням досягнень науки, техніки та культури, підготовка їх до наступної діяльності, формування у молоді гуманістичних світоглядних принципів, необхідних для діяльності у демократичному суспільстві.\nОсвітні рівні вищої освіти (неповна вища освіта, базова вища освіта, повна вища освіта) - це характеристика вищої освіти за ознаками ступеня сформованості інтелектуальних якостей особи, достатніх для здобуття кваліфікації, яка відповідає певному освітньо-кваліфікаційному рівню.\nОсвітньо-кваліфікаційний рівень вищої освіти (молодший спеціаліст, бакалавр, спеціаліст, магістр) - характеристика вищої освіти за ознаками ступеня сформованості знань, умінь та навичок особи.', 1, NULL, NULL, 2),
(7, '2.2. Вищий навчальний заклад', 'Вищий навчальний заклад (ВНЗ) - освітній, освітньо-науковий заклад, який заснований і діє відповідно до законодавства про освіту, реалізує відповідно до наданої ліцензії освітньо-професійні програми вищої освіти за певними освітніми та освітньо-кваліфікаційними рівнями, забезпечує навчання, виховання і професійну підготовку осіб відповідно до їх покликання, інтересів, здібностей та нормативних вимог у галузі вищої освіти, а також здійснює наукову і науково-технічну діяльність.\nВищий навчальний заклад державної форми власності - ВНЗ, заснований державою, що фінансується з державного бюджету І підпорядковується Міністерству освіти і науки України (МОН України) або галузевим міністерствам;\nВищий навчальний заклад, що перебуває у власності Автономної Республіки Крим, - ВНЗ, заснований органами влади Автономної Республіки Крим, що фінансується з бюджету Автономної Республіки Крим і підпорядкований органам влади Автономної Республіки Крим.\nВищий навчальний заклад комунальної форми власності - ВНЗ, заснований місцевими органами влади, що фінансується з місцевого бюджету і підпорядкований місцевим органам влади.\nВищий навчальний заклад приватної форми власності - ВНЗ, заснований на приватній власності і підпорядкований власнику (власникам).\nОсновна мета діяльності ВНЗ - забезпечення умов, необхідних для отримання особою вищої освіти, підготовка фахівців для потреб України.\nСтруктурними підрозділами ВНЗ першого та другого рівнів акредитації є відділення і предметні (циклові) комісії.\nВідділення - структурний підрозділ, що об`єднує навчальні групи з однієї або кількох спеціальностей, методичні, навчально-виробничі та інші підрозділи. Відділення створюється рішенням керівника ВНЗ, якщо на ньому навчається не менше ніж 150 студентів.\nПредметна комісія - структурний навчально-методичний підрозділ, що проводить виховну, навчальну та методичну роботу з однієї або кількох споріднених навчальних дисциплін. Предметна (циклова) комісія створюється рішенням керівника ВНЗ за умови, якщо до ЇЇ складу входить не менше ніж три педагогічних працівники.\nФілія - відокремлений структурний підрозділ, що створюється з метою забезпечення потреб у фахівцях місцевого ринку праці та наближення місця навчання студентів до їх місця проживання\n', 2, NULL, NULL, 2),
(8, '2.3. Концепція освітньої діяльності вищого навчального закладу', 'Концепція освітньої діяльності ВНЗ є складовою його статуту, який затверджує МОН України. Як приклад нижче подана концепція освітньої діяльності Національного гірничого університету.\nЦіпі, принципи та цільові програми освітньої діяльності Національного гірничого університету (далі Університет) еідловідають концептуальним ідеям національної Доктрини розвитку освіти, Закону України \"Про освіту\", Закону України \"Про вищу освіту\", Державної національної програми \"Освіта\" (\"Україна XXI століття\").\nЦілі освітньої діяльності:	, .\n*	відтворення Інтелектуального потенціалу держави;\n*	забезпечення сфер соціальної та виробничої діяльності кваліфікованими фахівцями;»  формування моральних принципів та норм поводження особистості.\nОсвітня діяльність базується на принципах:\n*	багатопрофільності;\n*	якості освітніх послуг: якості змісту освіти, якості результатів освіти, якості технологійнавчання;\n*	ступеневості підготовки фахівців;\n*	становлення демократичної системи навчання;\n*	задоволення освітніх потреб студентів відповідно до їх інтересів, здібностей та потребсуспільства;\n.   *  використання державних стандартів вищої освіти як обов`язкового мінімуму змісту освіти і змісту навчання;\n/9\n*	відповідності рівня освіти та освітньо-кваліфікаційного рівня підготовки випускників вимогамсуспільного поділу праці;\n*	випереджального інноваційного розвитку освіти;\n*	мобільності підготовки фахівців щодо задоволення вимог ринку праці;»  особистісної орієнтації освіти;\n»  інтеграції до європейського та світового освітніх просторів;\n*	формування національних і загальнолюдських цінностей;\n*	системності аналізу всіх чинників, що впливають на якість освітньої діяльності, моніторингу тасвоєчасного запобігання кризових явищ на рівні академічної групи, навчального курсу, кафедри,факультету, навчального закладу;\n*	моніторингу якості освіти, забезпечення його прозорості, сприяння розвитку громадськогоконтролю.\nЦільові програми діяльності та засоби реалізації\nКадрове забезпечення основних галузей промисловості та сфери послуг через:\n*	формування якісного контингенту студентів;\n« адекватність змісту освіти вимогам системи праці;\n*	формування змісту освіти та змісту навчання на основі суб`сктно-діяльнісного підходу запринципами цілеспрямованості, прогностичності та діагностичності;\n» формування вузівської компоненти державних стандартів вищої освіти з урахуванням традицій наукових шкіл Університету, потреб галузі та запитів студентів;\n*	формування номенклатури напрямів і спеціальностей адекватно змінам ринкових умов;\n*	конкурентоспроможність випускників на ринку праці;\n*	оновлення змісту освіти та організації навчально-виховного процесу відповідно додемократичних цінностей, сучасних науково-технічних досягнень;\n', 3, NULL, NULL, 2),
(9, '2.4. Ліцензування освітньої діяльності, акредитація напрямів, спеціальностей та вищих навчальних закладів', 'Освітня діяльність на території України здійснюється вищими навчальними закладами на підставі ліцензій, які видаються у порядку, встановленому Кабінетом Міністрів України.\nЛіцензування освітньої діяльності ВНЗ здійснюється перед початком підготовки фахівців за напрямом, спеціальністю.\nЛіцензування - процедура визнання спроможності ВНЗ певного типу розпочати освітню діяльність, пов`язану із здобуттям вищої освіти та кваліфікації, відповідно до вимог стандартів вищої освіти, а також до державних вимог щодо кадрового, науково-методичного та матеріально-технічного забезпечення.\nМіністерство освіти і науки України на підставі заяви ВНЗ про проведення ліцензійної експертизи у двомісячний термін приймає рішення про видачу ліцензії або про відмову у ЇЇ видачі.\nОбов`язковою умовою видачі ліцензії вищим навчальним закладам є наявність у них необхідної матеріально-технічної, науково-методичної та інформаційної бази, бібліотеки, науково-педагогічних кадрів за нормативами, що встановлює МОН України.\nВищому навчальному закладу, що успішно пройшов ліцензійну експертизу, видається ліцензія на освітню діяльність, як правило, на термін завершення циклу підготовки фахівців за напрямом, спеціальністю, але не менше ніж на три роки. Продовження терміну дії ліцензії здійснюється у порядку, встановленому для її одержання. Із дня прийняття рішення про ліквідацію ВНЗ видана ліцензія втрачає чинність.\nоищі навчальні заклади, що мають ліцензії, вносяться МОН ^країни до Державного реєстру вищих навчальних закладів.\nНаприкінці терміну дії ліцензії через процедуру акредитації визначається відповідність рівня підготовки фахівців за ліцензованими спеціальностями.\nАкредитація   -   процедура  надання  вищому  навчальному  закладу\nвного типу права проводити освітню діяльність, пов`язану із здобуттям\nЩоі освіти та кваліфікації, відповідно до вимог стандартів вищої освіти,\nакож до державних вимог щодо кадрового,  науково-методичного та\nматеріально-технічного забезпечення.\n', 4, NULL, NULL, 2),
(10, '2.5. Суб`єкти навчально-виховного процесу', 'Особами, які навчаються у вищих навчальних закладах, є студенти (слухачі), курсанти, екстерни, асистенти-стажисти, інтерни, клінічні ординатори, здобувачі, аспіранти (ад`юнкти) та докторанти.\nСтудент (слухач) - особа, яка в установленому порядку зарахована до ВНЗ і навчається за денною (очною), вечірньою або заочного, дистанційною формами навчання з метою здобуття певних освітнього та освітньо-кваліфікаційного рівнів.\nКурсант - особа, яка в установленому порядку зарахована до військового ВНЗ і навчається з метою здобуття певних освітнього та освітньо-кваліфікаційного рівнів.\nекстерн   -   особа,   яка   в   установленому   порядку   зарахована   до\nВНЧ має    відповідний    освітній,    освітньо-кваліфікаційний    рівень    і\nвчається за екстернатною формою навчання з метою здобуття певних Ітнього та освітньо-кваліфікаційного рівнів. Асистент-стажист - особа, яка має повну вищу освіту та освітньо-кваліфікаційний рівень магістра або спеціаліста, навчається в асистентурі (стажування) ВНЗ мистецького профілю з метою удосконалення творчої майстерності.\nІнтерн - особа, яка має повну вищу освіту і освітньо-кваліфікаційний рівень спеціаліста медичного або фармацевтичного спрямування, навчається з метою отримання кваліфікації лікаря або провізора певної спеціальності відповідно до переліку лікарських або провізорських посад.\nКлінічний ординатор - особа, яка має повну вищу освіту та освітньо-кваліфікаційний рівень спеціаліста або магістра медичного спрямування та кваліфікацію лікаря певної спеціальності відповідно до переліку лікарських посад, навчається з метою поглиблення професійних знань, підвищення рівнів умінь та навичок лікаря-спеціаліста.\nЗдобувач - особа, яка прикріплена до аспірантури або докторантури ВНЗ або наукової установи і готує дисертацію на здобуття наукового ступеня кандидата наук без навчання в аспірантурі, або особа, яка має науковий ступінь кандидата наук і готує дисертацію на здобуття наукового ступеня доктора наук без перебування в докторантурі.\nАспірант (ад`юнкт) - особа, яка має повну вищу освіту та освітньо-кваліфікаційний рівень магістра або спеціаліста, навчається в аспірантурі (ад`юнктурі) ВНЗ або наукової установи для підготовки дисертації на здобуття наукового ступеня кандидата наук.\nДокторант - особа, яка має науковий ступінь кандидата наук і зарахована до докторантури для підготовки дисертації на здобуття наукового ступеня доктора наук.\n\n', 5, NULL, NULL, 2),
(11, '3.1.Вища освіта', 'Вища освіта - це рівень освіти, який здобувається особою у вищому навчальному закладі в результаті послідовного, системного і цілеспрямованого процесу засвоєння змісту навчання, котрий ґрунтується на повній загальній середній освіті та завершується здобуттям певної кваліфікації за підсумками державної атестації.\nВ Україні підготовка фахівців з вищою освітою, які відповідатимуть потребам суспільства в сучасних умовах, забезпечується ступеневою системою освіти (рис. 1,1). У вищих навчальних закладах реалізується модель вищої професійної освіти, що націлена на підготовку особи до виконання професійної роботи на певних посадах (у відмінності від західної моделі, за якою вищі навчальні заклади реалізують професійно спрямовані освітні програми).\nОсновні завдання системи вищої освіти:\n* забезпечення підготовки фахівців шляхом засвоєння освітньо-професійних програм, які задовольняють вимоги системи праці;\n* відтворення, розвиток і передача новим поколінням досягнень науки, техніки та культури, підготовка їх до наступної діяльності, формування у молоді гуманістичних світоглядних принципів, необхідних для діяльності у демократичному суспільстві.\nОсвітні рівні вищої освіти (неповна вища освіта, базова вища освіта, повна вища освіта) - це характеристика вищої освіти за ознаками ступеня сформованості інтелектуальних якостей особи, достатніх для здобуття кваліфікації, яка відповідає певному освітньо-кваліфікаційному рівню.\nОсвітньо-кваліфікаційний рівень вищої освіти (молодший спеціаліст, бакалавр, спеціаліст, магістр) - характеристика вищої освіти за ознаками ступеня сформованості знань, умінь та навичок особи.', 1, NULL, NULL, 3),
(12, '3.2. Вищий навчальний заклад', 'Вищий навчальний заклад (ВНЗ) - освітній, освітньо-науковий заклад, який заснований і діє відповідно до законодавства про освіту, реалізує відповідно до наданої ліцензії освітньо-професійні програми вищої освіти за певними освітніми та освітньо-кваліфікаційними рівнями, забезпечує навчання, виховання і професійну підготовку осіб відповідно до їх покликання, інтересів, здібностей та нормативних вимог у галузі вищої освіти, а також здійснює наукову і науково-технічну діяльність.\nВищий навчальний заклад державної форми власності - ВНЗ, заснований державою, що фінансується з державного бюджету І підпорядковується Міністерству освіти і науки України (МОН України) або галузевим міністерствам;\nВищий навчальний заклад, що перебуває у власності Автономної Республіки Крим, - ВНЗ, заснований органами влади Автономної Республіки Крим, що фінансується з бюджету Автономної Республіки Крим і підпорядкований органам влади Автономної Республіки Крим.\nВищий навчальний заклад комунальної форми власності - ВНЗ, заснований місцевими органами влади, що фінансується з місцевого бюджету і підпорядкований місцевим органам влади.\nВищий навчальний заклад приватної форми власності - ВНЗ, заснований на приватній власності і підпорядкований власнику (власникам).\nОсновна мета діяльності ВНЗ - забезпечення умов, необхідних для отримання особою вищої освіти, підготовка фахівців для потреб України.\nСтруктурними підрозділами ВНЗ першого та другого рівнів акредитації є відділення і предметні (циклові) комісії.\nВідділення - структурний підрозділ, що об`єднує навчальні групи з однієї або кількох спеціальностей, методичні, навчально-виробничі та інші підрозділи. Відділення створюється рішенням керівника ВНЗ, якщо на ньому навчається не менше ніж 150 студентів.\nПредметна комісія - структурний навчально-методичний підрозділ, що проводить виховну, навчальну та методичну роботу з однієї або кількох споріднених навчальних дисциплін. Предметна (циклова) комісія створюється рішенням керівника ВНЗ за умови, якщо до ЇЇ складу входить не менше ніж три педагогічних працівники.\nФілія - відокремлений структурний підрозділ, що створюється з метою забезпечення потреб у фахівцях місцевого ринку праці та наближення місця навчання студентів до їх місця проживання\n', 2, NULL, NULL, 3),
(13, '3.3. Концепція освітньої діяльності вищого навчального закладу', 'Концепція освітньої діяльності ВНЗ є складовою його статуту, який затверджує МОН України. Як приклад нижче подана концепція освітньої діяльності Національного гірничого університету.\nЦіпі, принципи та цільові програми освітньої діяльності Національного гірничого університету (далі Університет) еідловідають концептуальним ідеям національної Доктрини розвитку освіти, Закону України \"Про освіту\", Закону України \"Про вищу освіту\", Державної національної програми \"Освіта\" (\"Україна XXI століття\").\nЦілі освітньої діяльності:	, .\n*	відтворення Інтелектуального потенціалу держави;\n*	забезпечення сфер соціальної та виробничої діяльності кваліфікованими фахівцями;»  формування моральних принципів та норм поводження особистості.\nОсвітня діяльність базується на принципах:\n*	багатопрофільності;\n*	якості освітніх послуг: якості змісту освіти, якості результатів освіти, якості технологійнавчання;\n*	ступеневості підготовки фахівців;\n*	становлення демократичної системи навчання;\n*	задоволення освітніх потреб студентів відповідно до їх інтересів, здібностей та потребсуспільства;\n.   *  використання державних стандартів вищої освіти як обов`язкового мінімуму змісту освіти і змісту навчання;\n/9\n*	відповідності рівня освіти та освітньо-кваліфікаційного рівня підготовки випускників вимогамсуспільного поділу праці;\n*	випереджального інноваційного розвитку освіти;\n*	мобільності підготовки фахівців щодо задоволення вимог ринку праці;»  особистісної орієнтації освіти;\n»  інтеграції до європейського та світового освітніх просторів;\n*	формування національних і загальнолюдських цінностей;\n*	системності аналізу всіх чинників, що впливають на якість освітньої діяльності, моніторингу тасвоєчасного запобігання кризових явищ на рівні академічної групи, навчального курсу, кафедри,факультету, навчального закладу;\n*	моніторингу якості освіти, забезпечення його прозорості, сприяння розвитку громадськогоконтролю.\nЦільові програми діяльності та засоби реалізації\nКадрове забезпечення основних галузей промисловості та сфери послуг через:\n*	формування якісного контингенту студентів;\n« адекватність змісту освіти вимогам системи праці;\n*	формування змісту освіти та змісту навчання на основі суб`сктно-діяльнісного підходу запринципами цілеспрямованості, прогностичності та діагностичності;\n» формування вузівської компоненти державних стандартів вищої освіти з урахуванням традицій наукових шкіл Університету, потреб галузі та запитів студентів;\n*	формування номенклатури напрямів і спеціальностей адекватно змінам ринкових умов;\n*	конкурентоспроможність випускників на ринку праці;\n*	оновлення змісту освіти та організації навчально-виховного процесу відповідно додемократичних цінностей, сучасних науково-технічних досягнень;\n', 3, NULL, NULL, 3),
(14, '3.4. Ліцензування освітньої діяльності, акредитація напрямів, спеціальностей та вищих навчальних закладів', 'Освітня діяльність на території України здійснюється вищими навчальними закладами на підставі ліцензій, які видаються у порядку, встановленому Кабінетом Міністрів України.\nЛіцензування освітньої діяльності ВНЗ здійснюється перед початком підготовки фахівців за напрямом, спеціальністю.\nЛіцензування - процедура визнання спроможності ВНЗ певного типу розпочати освітню діяльність, пов`язану із здобуттям вищої освіти та кваліфікації, відповідно до вимог стандартів вищої освіти, а також до державних вимог щодо кадрового, науково-методичного та матеріально-технічного забезпечення.\nМіністерство освіти і науки України на підставі заяви ВНЗ про проведення ліцензійної експертизи у двомісячний термін приймає рішення про видачу ліцензії або про відмову у ЇЇ видачі.\nОбов`язковою умовою видачі ліцензії вищим навчальним закладам є наявність у них необхідної матеріально-технічної, науково-методичної та інформаційної бази, бібліотеки, науково-педагогічних кадрів за нормативами, що встановлює МОН України.\nВищому навчальному закладу, що успішно пройшов ліцензійну експертизу, видається ліцензія на освітню діяльність, як правило, на термін завершення циклу підготовки фахівців за напрямом, спеціальністю, але не менше ніж на три роки. Продовження терміну дії ліцензії здійснюється у порядку, встановленому для її одержання. Із дня прийняття рішення про ліквідацію ВНЗ видана ліцензія втрачає чинність.\nоищі навчальні заклади, що мають ліцензії, вносяться МОН ^країни до Державного реєстру вищих навчальних закладів.\nНаприкінці терміну дії ліцензії через процедуру акредитації визначається відповідність рівня підготовки фахівців за ліцензованими спеціальностями.\nАкредитація   -   процедура  надання  вищому  навчальному  закладу\nвного типу права проводити освітню діяльність, пов`язану із здобуттям\nЩоі освіти та кваліфікації, відповідно до вимог стандартів вищої освіти,\nакож до державних вимог щодо кадрового,  науково-методичного та\nматеріально-технічного забезпечення.\n', 4, NULL, NULL, 3),
(15, '3.5. Суб`єкти навчально-виховного процесу', 'Особами, які навчаються у вищих навчальних закладах, є студенти (слухачі), курсанти, екстерни, асистенти-стажисти, інтерни, клінічні ординатори, здобувачі, аспіранти (ад`юнкти) та докторанти.\nСтудент (слухач) - особа, яка в установленому порядку зарахована до ВНЗ і навчається за денною (очною), вечірньою або заочного, дистанційною формами навчання з метою здобуття певних освітнього та освітньо-кваліфікаційного рівнів.\nКурсант - особа, яка в установленому порядку зарахована до військового ВНЗ і навчається з метою здобуття певних освітнього та освітньо-кваліфікаційного рівнів.\nекстерн   -   особа,   яка   в   установленому   порядку   зарахована   до\nВНЧ має    відповідний    освітній,    освітньо-кваліфікаційний    рівень    і\nвчається за екстернатною формою навчання з метою здобуття певних Ітнього та освітньо-кваліфікаційного рівнів. Асистент-стажист - особа, яка має повну вищу освіту та освітньо-кваліфікаційний рівень магістра або спеціаліста, навчається в асистентурі (стажування) ВНЗ мистецького профілю з метою удосконалення творчої майстерності.\nІнтерн - особа, яка має повну вищу освіту і освітньо-кваліфікаційний рівень спеціаліста медичного або фармацевтичного спрямування, навчається з метою отримання кваліфікації лікаря або провізора певної спеціальності відповідно до переліку лікарських або провізорських посад.\nКлінічний ординатор - особа, яка має повну вищу освіту та освітньо-кваліфікаційний рівень спеціаліста або магістра медичного спрямування та кваліфікацію лікаря певної спеціальності відповідно до переліку лікарських посад, навчається з метою поглиблення професійних знань, підвищення рівнів умінь та навичок лікаря-спеціаліста.\nЗдобувач - особа, яка прикріплена до аспірантури або докторантури ВНЗ або наукової установи і готує дисертацію на здобуття наукового ступеня кандидата наук без навчання в аспірантурі, або особа, яка має науковий ступінь кандидата наук і готує дисертацію на здобуття наукового ступеня доктора наук без перебування в докторантурі.\nАспірант (ад`юнкт) - особа, яка має повну вищу освіту та освітньо-кваліфікаційний рівень магістра або спеціаліста, навчається в аспірантурі (ад`юнктурі) ВНЗ або наукової установи для підготовки дисертації на здобуття наукового ступеня кандидата наук.\nДокторант - особа, яка має науковий ступінь кандидата наук і зарахована до докторантури для підготовки дисертації на здобуття наукового ступеня доктора наук.\n\n', 5, NULL, NULL, 3),
(16, '4.1.Вища освіта', 'Вища освіта - це рівень освіти, який здобувається особою у вищому навчальному закладі в результаті послідовного, системного і цілеспрямованого процесу засвоєння змісту навчання, котрий ґрунтується на повній загальній середній освіті та завершується здобуттям певної кваліфікації за підсумками державної атестації.\nВ Україні підготовка фахівців з вищою освітою, які відповідатимуть потребам суспільства в сучасних умовах, забезпечується ступеневою системою освіти (рис. 1,1). У вищих навчальних закладах реалізується модель вищої професійної освіти, що націлена на підготовку особи до виконання професійної роботи на певних посадах (у відмінності від західної моделі, за якою вищі навчальні заклади реалізують професійно спрямовані освітні програми).\nОсновні завдання системи вищої освіти:\n* забезпечення підготовки фахівців шляхом засвоєння освітньо-професійних програм, які задовольняють вимоги системи праці;\n* відтворення, розвиток і передача новим поколінням досягнень науки, техніки та культури, підготовка їх до наступної діяльності, формування у молоді гуманістичних світоглядних принципів, необхідних для діяльності у демократичному суспільстві.\nОсвітні рівні вищої освіти (неповна вища освіта, базова вища освіта, повна вища освіта) - це характеристика вищої освіти за ознаками ступеня сформованості інтелектуальних якостей особи, достатніх для здобуття кваліфікації, яка відповідає певному освітньо-кваліфікаційному рівню.\nОсвітньо-кваліфікаційний рівень вищої освіти (молодший спеціаліст, бакалавр, спеціаліст, магістр) - характеристика вищої освіти за ознаками ступеня сформованості знань, умінь та навичок особи.', 1, NULL, NULL, 4),
(17, '4.2. Вищий навчальний заклад', 'Вищий навчальний заклад (ВНЗ) - освітній, освітньо-науковий заклад, який заснований і діє відповідно до законодавства про освіту, реалізує відповідно до наданої ліцензії освітньо-професійні програми вищої освіти за певними освітніми та освітньо-кваліфікаційними рівнями, забезпечує навчання, виховання і професійну підготовку осіб відповідно до їх покликання, інтересів, здібностей та нормативних вимог у галузі вищої освіти, а також здійснює наукову і науково-технічну діяльність.\nВищий навчальний заклад державної форми власності - ВНЗ, заснований державою, що фінансується з державного бюджету І підпорядковується Міністерству освіти і науки України (МОН України) або галузевим міністерствам;\nВищий навчальний заклад, що перебуває у власності Автономної Республіки Крим, - ВНЗ, заснований органами влади Автономної Республіки Крим, що фінансується з бюджету Автономної Республіки Крим і підпорядкований органам влади Автономної Республіки Крим.\nВищий навчальний заклад комунальної форми власності - ВНЗ, заснований місцевими органами влади, що фінансується з місцевого бюджету і підпорядкований місцевим органам влади.\nВищий навчальний заклад приватної форми власності - ВНЗ, заснований на приватній власності і підпорядкований власнику (власникам).\nОсновна мета діяльності ВНЗ - забезпечення умов, необхідних для отримання особою вищої освіти, підготовка фахівців для потреб України.\nСтруктурними підрозділами ВНЗ першого та другого рівнів акредитації є відділення і предметні (циклові) комісії.\nВідділення - структурний підрозділ, що об`єднує навчальні групи з однієї або кількох спеціальностей, методичні, навчально-виробничі та інші підрозділи. Відділення створюється рішенням керівника ВНЗ, якщо на ньому навчається не менше ніж 150 студентів.\nПредметна комісія - структурний навчально-методичний підрозділ, що проводить виховну, навчальну та методичну роботу з однієї або кількох споріднених навчальних дисциплін. Предметна (циклова) комісія створюється рішенням керівника ВНЗ за умови, якщо до ЇЇ складу входить не менше ніж три педагогічних працівники.\nФілія - відокремлений структурний підрозділ, що створюється з метою забезпечення потреб у фахівцях місцевого ринку праці та наближення місця навчання студентів до їх місця проживання\n', 2, NULL, NULL, 4),
(18, '4.3. Концепція освітньої діяльності вищого навчального закладу', 'Концепція освітньої діяльності ВНЗ є складовою його статуту, який затверджує МОН України. Як приклад нижче подана концепція освітньої діяльності Національного гірничого університету.\nЦіпі, принципи та цільові програми освітньої діяльності Національного гірничого університету (далі Університет) еідловідають концептуальним ідеям національної Доктрини розвитку освіти, Закону України \"Про освіту\", Закону України \"Про вищу освіту\", Державної національної програми \"Освіта\" (\"Україна XXI століття\").\nЦілі освітньої діяльності:	, .\n*	відтворення Інтелектуального потенціалу держави;\n*	забезпечення сфер соціальної та виробничої діяльності кваліфікованими фахівцями;»  формування моральних принципів та норм поводження особистості.\nОсвітня діяльність базується на принципах:\n*	багатопрофільності;\n*	якості освітніх послуг: якості змісту освіти, якості результатів освіти, якості технологійнавчання;\n*	ступеневості підготовки фахівців;\n*	становлення демократичної системи навчання;\n*	задоволення освітніх потреб студентів відповідно до їх інтересів, здібностей та потребсуспільства;\n.   *  використання державних стандартів вищої освіти як обов`язкового мінімуму змісту освіти і змісту навчання;\n/9\n*	відповідності рівня освіти та освітньо-кваліфікаційного рівня підготовки випускників вимогамсуспільного поділу праці;\n*	випереджального інноваційного розвитку освіти;\n*	мобільності підготовки фахівців щодо задоволення вимог ринку праці;»  особистісної орієнтації освіти;\n»  інтеграції до європейського та світового освітніх просторів;\n*	формування національних і загальнолюдських цінностей;\n*	системності аналізу всіх чинників, що впливають на якість освітньої діяльності, моніторингу тасвоєчасного запобігання кризових явищ на рівні академічної групи, навчального курсу, кафедри,факультету, навчального закладу;\n*	моніторингу якості освіти, забезпечення його прозорості, сприяння розвитку громадськогоконтролю.\nЦільові програми діяльності та засоби реалізації\nКадрове забезпечення основних галузей промисловості та сфери послуг через:\n*	формування якісного контингенту студентів;\n« адекватність змісту освіти вимогам системи праці;\n*	формування змісту освіти та змісту навчання на основі суб`сктно-діяльнісного підходу запринципами цілеспрямованості, прогностичності та діагностичності;\n» формування вузівської компоненти державних стандартів вищої освіти з урахуванням традицій наукових шкіл Університету, потреб галузі та запитів студентів;\n*	формування номенклатури напрямів і спеціальностей адекватно змінам ринкових умов;\n*	конкурентоспроможність випускників на ринку праці;\n*	оновлення змісту освіти та організації навчально-виховного процесу відповідно додемократичних цінностей, сучасних науково-технічних досягнень;\n', 3, NULL, NULL, 4),
(19, '4.4. Ліцензування освітньої діяльності, акредитація напрямів, спеціальностей та вищих навчальних закладів', 'Освітня діяльність на території України здійснюється вищими навчальними закладами на підставі ліцензій, які видаються у порядку, встановленому Кабінетом Міністрів України.\nЛіцензування освітньої діяльності ВНЗ здійснюється перед початком підготовки фахівців за напрямом, спеціальністю.\nЛіцензування - процедура визнання спроможності ВНЗ певного типу розпочати освітню діяльність, пов`язану із здобуттям вищої освіти та кваліфікації, відповідно до вимог стандартів вищої освіти, а також до державних вимог щодо кадрового, науково-методичного та матеріально-технічного забезпечення.\nМіністерство освіти і науки України на підставі заяви ВНЗ про проведення ліцензійної експертизи у двомісячний термін приймає рішення про видачу ліцензії або про відмову у ЇЇ видачі.\nОбов`язковою умовою видачі ліцензії вищим навчальним закладам є наявність у них необхідної матеріально-технічної, науково-методичної та інформаційної бази, бібліотеки, науково-педагогічних кадрів за нормативами, що встановлює МОН України.\nВищому навчальному закладу, що успішно пройшов ліцензійну експертизу, видається ліцензія на освітню діяльність, як правило, на термін завершення циклу підготовки фахівців за напрямом, спеціальністю, але не менше ніж на три роки. Продовження терміну дії ліцензії здійснюється у порядку, встановленому для її одержання. Із дня прийняття рішення про ліквідацію ВНЗ видана ліцензія втрачає чинність.\nоищі навчальні заклади, що мають ліцензії, вносяться МОН ^країни до Державного реєстру вищих навчальних закладів.\nНаприкінці терміну дії ліцензії через процедуру акредитації визначається відповідність рівня підготовки фахівців за ліцензованими спеціальностями.\nАкредитація   -   процедура  надання  вищому  навчальному  закладу\nвного типу права проводити освітню діяльність, пов`язану із здобуттям\nЩоі освіти та кваліфікації, відповідно до вимог стандартів вищої освіти,\nакож до державних вимог щодо кадрового,  науково-методичного та\nматеріально-технічного забезпечення.\n', 4, NULL, NULL, 4),
(20, '4.5. Суб`єкти навчально-виховного процесу', 'Особами, які навчаються у вищих навчальних закладах, є студенти (слухачі), курсанти, екстерни, асистенти-стажисти, інтерни, клінічні ординатори, здобувачі, аспіранти (ад`юнкти) та докторанти.\nСтудент (слухач) - особа, яка в установленому порядку зарахована до ВНЗ і навчається за денною (очною), вечірньою або заочного, дистанційною формами навчання з метою здобуття певних освітнього та освітньо-кваліфікаційного рівнів.\nКурсант - особа, яка в установленому порядку зарахована до військового ВНЗ і навчається з метою здобуття певних освітнього та освітньо-кваліфікаційного рівнів.\nекстерн   -   особа,   яка   в   установленому   порядку   зарахована   до\nВНЧ має    відповідний    освітній,    освітньо-кваліфікаційний    рівень    і\nвчається за екстернатною формою навчання з метою здобуття певних Ітнього та освітньо-кваліфікаційного рівнів. Асистент-стажист - особа, яка має повну вищу освіту та освітньо-кваліфікаційний рівень магістра або спеціаліста, навчається в асистентурі (стажування) ВНЗ мистецького профілю з метою удосконалення творчої майстерності.\nІнтерн - особа, яка має повну вищу освіту і освітньо-кваліфікаційний рівень спеціаліста медичного або фармацевтичного спрямування, навчається з метою отримання кваліфікації лікаря або провізора певної спеціальності відповідно до переліку лікарських або провізорських посад.\nКлінічний ординатор - особа, яка має повну вищу освіту та освітньо-кваліфікаційний рівень спеціаліста або магістра медичного спрямування та кваліфікацію лікаря певної спеціальності відповідно до переліку лікарських посад, навчається з метою поглиблення професійних знань, підвищення рівнів умінь та навичок лікаря-спеціаліста.\nЗдобувач - особа, яка прикріплена до аспірантури або докторантури ВНЗ або наукової установи і готує дисертацію на здобуття наукового ступеня кандидата наук без навчання в аспірантурі, або особа, яка має науковий ступінь кандидата наук і готує дисертацію на здобуття наукового ступеня доктора наук без перебування в докторантурі.\nАспірант (ад`юнкт) - особа, яка має повну вищу освіту та освітньо-кваліфікаційний рівень магістра або спеціаліста, навчається в аспірантурі (ад`юнктурі) ВНЗ або наукової установи для підготовки дисертації на здобуття наукового ступеня кандидата наук.\nДокторант - особа, яка має науковий ступінь кандидата наук і зарахована до докторантури для підготовки дисертації на здобуття наукового ступеня доктора наук.\n\n', 5, NULL, NULL, 4);

-- --------------------------------------------------------

--
-- Структура таблицы `password_resets`
--

CREATE TABLE `password_resets` (
  `email` varchar(255) COLLATE utf8mb4_unicode_ci NOT NULL,
  `token` varchar(255) COLLATE utf8mb4_unicode_ci NOT NULL,
  `created_at` timestamp NULL DEFAULT NULL
) ENGINE=InnoDB DEFAULT CHARSET=utf8mb4 COLLATE=utf8mb4_unicode_ci;

-- --------------------------------------------------------

--
-- Структура таблицы `questions`
--

CREATE TABLE `questions` (
  `id` int(10) UNSIGNED NOT NULL,
  `content` text COLLATE utf8mb4_unicode_ci NOT NULL,
  `number` int(10) UNSIGNED NOT NULL DEFAULT '0',
  `created_at` timestamp NULL DEFAULT NULL,
  `updated_at` timestamp NULL DEFAULT NULL,
  `assignment_id` int(10) UNSIGNED NOT NULL DEFAULT '1'
) ENGINE=InnoDB DEFAULT CHARSET=utf8mb4 COLLATE=utf8mb4_unicode_ci;

--
-- Дамп данных таблицы `questions`
--

INSERT INTO `questions` (`id`, `content`, `number`, `created_at`, `updated_at`, `assignment_id`) VALUES
(1, 'Запитання №1 до модуля №1. Оберіть вірну відповідь', 1, NULL, NULL, 1),
(2, 'Запитання №2 до модуля №1. Оберіть вірну відповідь', 2, NULL, NULL, 1),
(3, 'Запитання №3 до модуля №1. Оберіть вірну відповідь', 3, NULL, NULL, 1),
(4, 'Запитання №4 до модуля №1. Оберіть вірну відповідь', 4, NULL, NULL, 1),
(5, 'Запитання №5 до модуля №1. Оберіть вірну відповідь', 5, NULL, NULL, 1),
(6, 'Запитання №6 до модуля №1. Оберіть вірну відповідь', 6, NULL, NULL, 1),
(7, 'Запитання №7 до модуля №1. Оберіть вірну відповідь', 7, NULL, NULL, 1),
(8, 'Запитання №8 до модуля №1. Оберіть вірну відповідь', 8, NULL, NULL, 1),
(9, 'Запитання №9 до модуля №1. Оберіть вірну відповідь', 9, NULL, NULL, 1),
(10, 'Запитання №10 до модуля №1. Оберіть вірну відповідь', 10, NULL, NULL, 1),
(11, 'Запитання №1 до модуля №2. Оберіть вірну відповідь', 1, NULL, NULL, 2),
(12, 'Запитання №2 до модуля №2. Оберіть вірну відповідь', 2, NULL, NULL, 2),
(13, 'Запитання №3 до модуля №2. Оберіть вірну відповідь', 3, NULL, NULL, 2),
(14, 'Запитання №4 до модуля №2. Оберіть вірну відповідь', 4, NULL, NULL, 2),
(15, 'Запитання №5 до модуля №2. Оберіть вірну відповідь', 5, NULL, NULL, 2),
(16, 'Запитання №6 до модуля №2. Оберіть вірну відповідь', 6, NULL, NULL, 2),
(17, 'Запитання №7 до модуля №2. Оберіть вірну відповідь', 7, NULL, NULL, 2),
(18, 'Запитання №8 до модуля №2. Оберіть вірну відповідь', 8, NULL, NULL, 2),
(19, 'Запитання №9 до модуля №2. Оберіть вірну відповідь', 9, NULL, NULL, 2),
(20, 'Запитання №10 до модуля №2. Оберіть вірну відповідь', 10, NULL, NULL, 2),
(21, 'Запитання №1 до модуля №3. Оберіть вірну відповідь', 1, NULL, NULL, 3),
(22, 'Запитання №2 до модуля №3. Оберіть вірну відповідь', 2, NULL, NULL, 3),
(23, 'Запитання №3 до модуля №3. Оберіть вірну відповідь', 3, NULL, NULL, 3),
(24, 'Запитання №4 до модуля №3. Оберіть вірну відповідь', 4, NULL, NULL, 3),
(25, 'Запитання №5 до модуля №3. Оберіть вірну відповідь', 5, NULL, NULL, 3),
(26, 'Запитання №6 до модуля №3. Оберіть вірну відповідь', 6, NULL, NULL, 3),
(27, 'Запитання №7 до модуля №3. Оберіть вірну відповідь', 7, NULL, NULL, 3),
(28, 'Запитання №8 до модуля №3. Оберіть вірну відповідь', 8, NULL, NULL, 3),
(29, 'Запитання №9 до модуля №3. Оберіть вірну відповідь', 9, NULL, NULL, 3),
(30, 'Запитання №10 до модуля №3. Оберіть вірну відповідь', 10, NULL, NULL, 3),
(31, 'Запитання №1 до модуля №4. Оберіть вірну відповідь', 1, NULL, NULL, 4),
(32, 'Запитання №2 до модуля №4. Оберіть вірну відповідь', 2, NULL, NULL, 4),
(33, 'Запитання №3 до модуля №4. Оберіть вірну відповідь', 3, NULL, NULL, 4),
(34, 'Запитання №4 до модуля №4. Оберіть вірну відповідь', 4, NULL, NULL, 4),
(35, 'Запитання №5 до модуля №4. Оберіть вірну відповідь', 5, NULL, NULL, 4),
(36, 'Запитання №6 до модуля №4. Оберіть вірну відповідь', 6, NULL, NULL, 4),
(37, 'Запитання №7 до модуля №4. Оберіть вірну відповідь', 7, NULL, NULL, 4),
(38, 'Запитання №8 до модуля №4. Оберіть вірну відповідь', 8, NULL, NULL, 4),
(39, 'Запитання №9 до модуля №4. Оберіть вірну відповідь', 9, NULL, NULL, 4),
(40, 'Запитання №10 до модуля №4. Оберіть вірну відповідь', 10, NULL, NULL, 4),
(41, 'Запитання №1 до модуля №5. Оберіть вірну відповідь', 1, NULL, NULL, 5),
(42, 'Запитання №2 до модуля №5. Оберіть вірну відповідь', 2, NULL, NULL, 5),
(43, 'Запитання №3 до модуля №5. Оберіть вірну відповідь', 3, NULL, NULL, 5),
(44, 'Запитання №4 до модуля №5. Оберіть вірну відповідь', 4, NULL, NULL, 5),
(45, 'Запитання №5 до модуля №5. Оберіть вірну відповідь', 5, NULL, NULL, 5),
(46, 'Запитання №6 до модуля №5. Оберіть вірну відповідь', 6, NULL, NULL, 5),
(47, 'Запитання №7 до модуля №5. Оберіть вірну відповідь', 7, NULL, NULL, 5),
(48, 'Запитання №8 до модуля №5. Оберіть вірну відповідь', 8, NULL, NULL, 5),
(49, 'Запитання №9 до модуля №5. Оберіть вірну відповідь', 9, NULL, NULL, 5),
(50, 'Запитання №10 до модуля №5. Оберіть вірну відповідь', 10, NULL, NULL, 5);

-- --------------------------------------------------------

--
-- Структура таблицы `resources`
--

CREATE TABLE `resources` (
  `id` int(10) UNSIGNED NOT NULL,
  `name` varchar(255) COLLATE utf8mb4_unicode_ci NOT NULL,
  `description` text COLLATE utf8mb4_unicode_ci NOT NULL,
  `file` varchar(255) COLLATE utf8mb4_unicode_ci NOT NULL,
  `number` int(10) UNSIGNED NOT NULL DEFAULT '0',
  `alias` varchar(150) COLLATE utf8mb4_unicode_ci NOT NULL,
  `created_at` timestamp NULL DEFAULT NULL,
  `updated_at` timestamp NULL DEFAULT NULL,
  `resource_type_id` int(10) UNSIGNED NOT NULL DEFAULT '1',
  `course_id` int(10) UNSIGNED NOT NULL
) ENGINE=InnoDB DEFAULT CHARSET=utf8mb4 COLLATE=utf8mb4_unicode_ci;

--
-- Дамп данных таблицы `resources`
--

INSERT INTO `resources` (`id`, `name`, `description`, `file`, `number`, `alias`, `created_at`, `updated_at`, `resource_type_id`, `course_id`) VALUES
(1, 'Лабораторна робота №1', 'Лабораторна робота, необхідна для закріплення матеріалів теми \"Загальна характеристика вищої освіти\"', 'Лабораторна робота №1.docx', 1, 'document-1', NULL, NULL, 2, 1),
(2, 'Лабораторна робота №2', 'Лабораторна робота, необхідна для закріплення матеріалів теми \"Управління навчально-методичною діяльністю\"', 'Лабораторна робота №2.docx', 4, 'document-2', NULL, NULL, 2, 1),
(3, 'Лабораторна робота №3', 'Лабораторна робота, необхідна для закріплення матеріалів теми \"Технології проектування педагогічного процесу\"', 'Лабораторна робота №3.docx', 5, 'document-3', NULL, NULL, 2, 1),
(4, 'Лабораторна робота №4', 'Лабораторна робота, необхідна для закріплення матеріалів теми \"Організація навчального процесу\"', 'Лабораторна робота №4.docx', 6, 'document-4', NULL, NULL, 2, 1),
(5, 'Лабораторна робота №5', 'Лабораторна робота, необхідна для закріплення матеріалів теми \"Технології навчання\"', 'Лабораторна робота №5.docx', 7, 'document-5', NULL, NULL, 2, 1),
(6, 'Відео - Вища освіта', 'Відео до лабораторної роботи №1', 'Вища освіта.mp4', 2, 'video-1', NULL, NULL, 3, 1),
(7, 'Структурна схема вищої освіти', 'Схема з поясненнями до Лабораторної роботи №1', 'Вища освіта.jpg', 3, 'image-1', NULL, NULL, 4, 1),
(8, 'Файл проекту', 'Проектний файл середовища програмного забезпечення для виконання лабораторних робіт', 'Project.prj', 3, 'file-1', NULL, NULL, 5, 1);

-- --------------------------------------------------------

--
-- Структура таблицы `resource_types`
--

CREATE TABLE `resource_types` (
  `id` int(10) UNSIGNED NOT NULL,
  `name` varchar(100) COLLATE utf8mb4_unicode_ci NOT NULL,
  `created_at` timestamp NULL DEFAULT NULL,
  `updated_at` timestamp NULL DEFAULT NULL
) ENGINE=InnoDB DEFAULT CHARSET=utf8mb4 COLLATE=utf8mb4_unicode_ci;

--
-- Дамп данных таблицы `resource_types`
--

INSERT INTO `resource_types` (`id`, `name`, `created_at`, `updated_at`) VALUES
(1, 'Без категории', NULL, NULL),
(2, 'Документ', NULL, NULL),
(3, 'Видео', NULL, NULL),
(4, 'Изображение', NULL, NULL),
(5, 'Файл', NULL, NULL);

-- --------------------------------------------------------

--
-- Структура таблицы `roles`
--

CREATE TABLE `roles` (
  `id` int(10) UNSIGNED NOT NULL,
  `name` varchar(255) COLLATE utf8mb4_unicode_ci NOT NULL,
  `created_at` timestamp NULL DEFAULT NULL,
  `updated_at` timestamp NULL DEFAULT NULL
) ENGINE=InnoDB DEFAULT CHARSET=utf8mb4 COLLATE=utf8mb4_unicode_ci;

--
-- Дамп данных таблицы `roles`
--

INSERT INTO `roles` (`id`, `name`, `created_at`, `updated_at`) VALUES
(1, 'Unknown', NULL, NULL),
(2, 'Student', NULL, NULL),
(3, 'Teacher', NULL, NULL),
(4, 'Admin', NULL, NULL);

-- --------------------------------------------------------

--
-- Структура таблицы `topics`
--

CREATE TABLE `topics` (
  `id` int(10) UNSIGNED NOT NULL,
  `name` varchar(255) COLLATE utf8mb4_unicode_ci NOT NULL,
  `description` text COLLATE utf8mb4_unicode_ci NOT NULL,
  `number` int(10) UNSIGNED NOT NULL DEFAULT '0',
  `alias` varchar(150) COLLATE utf8mb4_unicode_ci NOT NULL,
  `created_at` timestamp NULL DEFAULT NULL,
  `updated_at` timestamp NULL DEFAULT NULL,
  `course_id` int(10) UNSIGNED NOT NULL DEFAULT '1'
) ENGINE=InnoDB DEFAULT CHARSET=utf8mb4 COLLATE=utf8mb4_unicode_ci;

--
-- Дамп данных таблицы `topics`
--

INSERT INTO `topics` (`id`, `name`, `description`, `number`, `alias`, `created_at`, `updated_at`, `course_id`) VALUES
(1, 'Загальна характеристика вищої освіти', 'Вища освіта - це рівень освіти, який здобувається особою у вищому навчальному закладі в результаті послідовного, системного і цілеспрямованого процесу засвоєння змісту навчання, котрий ґрунтується на повній загальній середній освіті та завершується здобуттям певної кваліфікації за підсумками державної атестації.\nВ Україні підготовка фахівців з вищою освітою, які відповідатимуть потребам суспільства в сучасних умовах, забезпечується ступеневою системою освіти (рис. 1,1). У вищих навчальних закладах реалізується модель вищої професійної освіти, що націлена на підготовку особи до виконання професійної роботи на певних посадах (у відмінності від західної моделі, за якою вищі навчальні заклади реалізують професійно спрямовані освітні програми).', 1, 'vischa_osvita', NULL, NULL, 1),
(2, 'Управління навчально-методичною діяльністю', 'Система управління ВНЗ спрямована на створення оптимальних умов для реалізації конституційного права громадян України на одержання вищої освіти згідно із здібностями та потребами особи і базується на принципах:\n» розмежування прав, повноважень та відповідальності власника, органів управління вищого освітою, керівництва ВНЗ та його структурних підрозділів;\n*	поєднання колегіальних та єдиноначальних засад;\n*	незалежності   від  політичних  партій,   громадських  та  релігійнихорганізацій;\n«   забезпечення демократичності управління освітньою діяльністю;\n« реалізації демократичних свобод усіх учасників освітньої Діяльності та забезпечення академічної відповідальності студентів;\n» створення умов для вільного пошуку і викладення та розповсюдження істини;\n', 2, 'navchalno-metodichna-diyalnist', NULL, NULL, 1),
(3, 'Технології проектування педагогічного процесу', 'Підготовку фахівців з вищою освітоюэегламентують	освітньо-кваліфікаційні\nхарактеристики, засоби діагностики якості їищої освіти, освітньо-професійні програми, Ірограми навчальних дисциплін.\nРозробка цих документів грунтується на результатах вивчення й прогнозування :труктури соціальної та виробничої діяльності рахівців з вищою освітою.', 3, 'tehnologiyi', NULL, NULL, 1),
(4, 'Організація навчального процесу', 'Навчальний процес - це система організаційних і дидактичних заходів, спрямованих на реалізацію змісту освіти відповідно до системи державних стандартів освіти.\nВищий навчальний заклад надає студентам можливість користування навчальними приміщеннями, бібліотеками, навчально-методичною та науковою літературою, обладнанням, устаткуванням та іншими засобами навчання на умовах, визначених правилами внутрішнього розпорядку.', 4, 'navchalniy-process', NULL, NULL, 1),
(5, 'Технології навчання', 'Процес переробки інформації людиною. Для навчання важливі такі функції пам`яті, що характеризують процес переробки інформації людиною:\n*	сприймати;\n*	усвідомлювати;\n*	згадувати;\n*	діяти.\nФункції пам`яті співвідносять з визначеними носіями, наприклад, \"сприймати\" - з органами почуттів, \"діяти\" - з мускулатурою. Носієм функції \"усвідомлювати\" вважають так звану \"короткочасну пам`ять\", що не є поняттям із фізіології мозку, а лише терміном, який зручно використовувати при розгляді даної моделі.', 5, 'navchannya', NULL, NULL, 1),
(6, 'Тема-1', 'Короткий опис змісту теми', 1, '2-topic-alias-1', NULL, NULL, 2),
(7, 'Тема-2', 'Короткий опис змісту теми', 2, '2-topic-alias-2', NULL, NULL, 2),
(8, 'Тема-3', 'Короткий опис змісту теми', 3, '2-topic-alias-3', NULL, NULL, 2),
(9, 'Тема-4', 'Короткий опис змісту теми', 4, '2-topic-alias-4', NULL, NULL, 2),
(10, 'Тема-5', 'Короткий опис змісту теми', 5, '2-topic-alias-5', NULL, NULL, 2),
(11, 'Тема-1', 'Короткий опис змісту теми', 1, '3-topic-alias-1', NULL, NULL, 3),
(12, 'Тема-2', 'Короткий опис змісту теми', 2, '3-topic-alias-2', NULL, NULL, 3),
(13, 'Тема-3', 'Короткий опис змісту теми', 3, '3-topic-alias-3', NULL, NULL, 3),
(14, 'Тема-4', 'Короткий опис змісту теми', 4, '3-topic-alias-4', NULL, NULL, 3),
(15, 'Тема-5', 'Короткий опис змісту теми', 5, '3-topic-alias-5', NULL, NULL, 3),
(16, 'Тема-1', 'Короткий опис змісту теми', 1, '4-topic-alias-1', NULL, NULL, 4),
(17, 'Тема-2', 'Короткий опис змісту теми', 2, '4-topic-alias-2', NULL, NULL, 4),
(18, 'Тема-3', 'Короткий опис змісту теми', 3, '4-topic-alias-3', NULL, NULL, 4),
(19, 'Тема-4', 'Короткий опис змісту теми', 4, '4-topic-alias-4', NULL, NULL, 4),
(20, 'Тема-5', 'Короткий опис змісту теми', 5, '4-topic-alias-5', NULL, NULL, 4),
(21, 'Тема-1', 'Короткий опис змісту теми', 1, '5-topic-alias-1', NULL, NULL, 5),
(22, 'Тема-2', 'Короткий опис змісту теми', 2, '5-topic-alias-2', NULL, NULL, 5),
(23, 'Тема-3', 'Короткий опис змісту теми', 3, '5-topic-alias-3', NULL, NULL, 5),
(24, 'Тема-4', 'Короткий опис змісту теми', 4, '5-topic-alias-4', NULL, NULL, 5),
(25, 'Тема-5', 'Короткий опис змісту теми', 5, '5-topic-alias-5', NULL, NULL, 5),
(26, 'Тема-1', 'Короткий опис змісту теми', 1, '6-topic-alias-1', NULL, NULL, 6),
(27, 'Тема-2', 'Короткий опис змісту теми', 2, '6-topic-alias-2', NULL, NULL, 6),
(28, 'Тема-3', 'Короткий опис змісту теми', 3, '6-topic-alias-3', NULL, NULL, 6),
(29, 'Тема-4', 'Короткий опис змісту теми', 4, '6-topic-alias-4', NULL, NULL, 6),
(30, 'Тема-5', 'Короткий опис змісту теми', 5, '6-topic-alias-5', NULL, NULL, 6),
(31, 'Тема-1', 'Короткий опис змісту теми', 1, '7-topic-alias-1', NULL, NULL, 7),
(32, 'Тема-2', 'Короткий опис змісту теми', 2, '7-topic-alias-2', NULL, NULL, 7),
(33, 'Тема-3', 'Короткий опис змісту теми', 3, '7-topic-alias-3', NULL, NULL, 7),
(34, 'Тема-4', 'Короткий опис змісту теми', 4, '7-topic-alias-4', NULL, NULL, 7),
(35, 'Тема-5', 'Короткий опис змісту теми', 5, '7-topic-alias-5', NULL, NULL, 7),
(36, 'Тема-1', 'Короткий опис змісту теми', 1, '8-topic-alias-1', NULL, NULL, 8),
(37, 'Тема-2', 'Короткий опис змісту теми', 2, '8-topic-alias-2', NULL, NULL, 8),
(38, 'Тема-3', 'Короткий опис змісту теми', 3, '8-topic-alias-3', NULL, NULL, 8),
(39, 'Тема-4', 'Короткий опис змісту теми', 4, '8-topic-alias-4', NULL, NULL, 8),
(40, 'Тема-5', 'Короткий опис змісту теми', 5, '8-topic-alias-5', NULL, NULL, 8),
(41, 'Тема-1', 'Короткий опис змісту теми', 1, '9-topic-alias-1', NULL, NULL, 9),
(42, 'Тема-2', 'Короткий опис змісту теми', 2, '9-topic-alias-2', NULL, NULL, 9),
(43, 'Тема-3', 'Короткий опис змісту теми', 3, '9-topic-alias-3', NULL, NULL, 9),
(44, 'Тема-4', 'Короткий опис змісту теми', 4, '9-topic-alias-4', NULL, NULL, 9),
(45, 'Тема-5', 'Короткий опис змісту теми', 5, '9-topic-alias-5', NULL, NULL, 9);

-- --------------------------------------------------------

--
-- Структура таблицы `users`
--

CREATE TABLE `users` (
  `id` int(10) UNSIGNED NOT NULL,
  `name` varchar(100) COLLATE utf8mb4_unicode_ci NOT NULL,
  `surname` varchar(100) COLLATE utf8mb4_unicode_ci NOT NULL,
  `email` varchar(255) COLLATE utf8mb4_unicode_ci NOT NULL,
  `password` varchar(255) COLLATE utf8mb4_unicode_ci NOT NULL,
  `register_date` timestamp NOT NULL DEFAULT CURRENT_TIMESTAMP,
  `last_visit` datetime DEFAULT NULL,
  `remember_token` varchar(100) COLLATE utf8mb4_unicode_ci DEFAULT NULL,
  `created_at` timestamp NULL DEFAULT NULL,
  `updated_at` timestamp NULL DEFAULT NULL,
  `role_id` int(10) UNSIGNED NOT NULL DEFAULT '1',
  `group_id` int(10) UNSIGNED NOT NULL
) ENGINE=InnoDB DEFAULT CHARSET=utf8mb4 COLLATE=utf8mb4_unicode_ci;

--
-- Дамп данных таблицы `users`
--

INSERT INTO `users` (`id`, `name`, `surname`, `email`, `password`, `register_date`, `last_visit`, `remember_token`, `created_at`, `updated_at`, `role_id`, `group_id`) VALUES
(1, 'Администратор', 'Системы', 'admin@test.ru', '$2y$10$8dGfjMSILUJSuzw6rXATquCrj2lCd4JX.qXtuEeH4OfrbY.aHxjSO', '2019-04-02 14:37:08', NULL, 'Mw9BgSmDzuytDZsg57iFhGGbPl8SF8uJa5exxqpsIEBTGWyPyMZ6Nj51y25w', NULL, NULL, 4, 1),
(2, 'Преподаватель-1', 'Преподаватель', 'teacher1@test.ru', '$2y$10$8dGfjMSILUJSuzw6rXATquCrj2lCd4JX.qXtuEeH4OfrbY.aHxjSO', '2019-04-02 14:37:08', NULL, 'LjGrvWo9U32VGdqpLFjifGL9QFNhH2sAqLkBRaDVBORar7ZDkILw1Hb7tuXE', NULL, NULL, 3, 2),
(3, 'Преподаватель-2', 'Преподаватель', 'teacher2@test.ru', '$2y$10$8dGfjMSILUJSuzw6rXATquCrj2lCd4JX.qXtuEeH4OfrbY.aHxjSO', '2019-04-02 14:37:08', NULL, NULL, NULL, NULL, 3, 2),
(4, 'Преподаватель-3', 'Преподаватель', 'teacher3@test.ru', '$2y$10$8dGfjMSILUJSuzw6rXATquCrj2lCd4JX.qXtuEeH4OfrbY.aHxjSO', '2019-04-02 14:37:08', NULL, NULL, NULL, NULL, 3, 2),
(5, 'Студент-1', 'Группы-КИ-17м', 'student-4-1@test.ru', '$2y$10$8dGfjMSILUJSuzw6rXATquCrj2lCd4JX.qXtuEeH4OfrbY.aHxjSO', '2019-04-02 14:37:08', NULL, 'lW9nxV5pnWQHHnZnLtxlBezuSRqRSqbikjZLQMJ2N6Xpg1vQG2t5qbgnREXA', NULL, NULL, 2, 4),
(6, 'Студент-2', 'Группы-КИ-17м', 'student-4-2@test.ru', '$2y$10$8dGfjMSILUJSuzw6rXATquCrj2lCd4JX.qXtuEeH4OfrbY.aHxjSO', '2019-04-02 14:37:08', NULL, NULL, NULL, NULL, 2, 4),
(7, 'Студент-3', 'Группы-КИ-17м', 'student-4-3@test.ru', '$2y$10$8dGfjMSILUJSuzw6rXATquCrj2lCd4JX.qXtuEeH4OfrbY.aHxjSO', '2019-04-02 14:37:08', NULL, NULL, NULL, NULL, 2, 4),
(8, 'Студент-4', 'Группы-КИ-17м', 'student-4-4@test.ru', '$2y$10$8dGfjMSILUJSuzw6rXATquCrj2lCd4JX.qXtuEeH4OfrbY.aHxjSO', '2019-04-02 14:37:08', NULL, NULL, NULL, NULL, 2, 4),
(9, 'Студент-5', 'Группы-КИ-17м', 'student-4-5@test.ru', '$2y$10$8dGfjMSILUJSuzw6rXATquCrj2lCd4JX.qXtuEeH4OfrbY.aHxjSO', '2019-04-02 14:37:08', NULL, NULL, NULL, NULL, 2, 4),
(10, 'Студент-6', 'Группы-КИ-17м', 'student-4-6@test.ru', '$2y$10$8dGfjMSILUJSuzw6rXATquCrj2lCd4JX.qXtuEeH4OfrbY.aHxjSO', '2019-04-02 14:37:08', NULL, NULL, NULL, NULL, 2, 4),
(11, 'Студент-7', 'Группы-КИ-17м', 'student-4-7@test.ru', '$2y$10$8dGfjMSILUJSuzw6rXATquCrj2lCd4JX.qXtuEeH4OfrbY.aHxjSO', '2019-04-02 14:37:08', NULL, 's7Q5dsnWLXjGfy8hSF9f5mlYaZ4OVfpgr6hHKUZidlj1tB7UqfWaJx3lxeKS', NULL, NULL, 2, 4),
(12, 'Студент-8', 'Группы-КИ-17м', 'student-4-8@test.ru', '$2y$10$8dGfjMSILUJSuzw6rXATquCrj2lCd4JX.qXtuEeH4OfrbY.aHxjSO', '2019-04-02 14:37:08', NULL, NULL, NULL, NULL, 2, 4),
(13, 'Студент-9', 'Группы-КИ-17м', 'student-4-9@test.ru', '$2y$10$8dGfjMSILUJSuzw6rXATquCrj2lCd4JX.qXtuEeH4OfrbY.aHxjSO', '2019-04-02 14:37:08', NULL, NULL, NULL, NULL, 2, 4),
(14, 'Студент-10', 'Группы-КИ-17м', 'student-4-10@test.ru', '$2y$10$8dGfjMSILUJSuzw6rXATquCrj2lCd4JX.qXtuEeH4OfrbY.aHxjSO', '2019-04-02 14:37:08', NULL, NULL, NULL, NULL, 2, 4),
(15, 'Студент-11', 'Группы-КИ-17м', 'student-4-11@test.ru', '$2y$10$8dGfjMSILUJSuzw6rXATquCrj2lCd4JX.qXtuEeH4OfrbY.aHxjSO', '2019-04-02 14:37:08', NULL, NULL, NULL, NULL, 2, 4),
(16, 'Студент-12', 'Группы-КИ-17м', 'student-4-12@test.ru', '$2y$10$8dGfjMSILUJSuzw6rXATquCrj2lCd4JX.qXtuEeH4OfrbY.aHxjSO', '2019-04-02 14:37:08', NULL, NULL, NULL, NULL, 2, 4),
(17, 'Студент-13', 'Группы-КИ-17м', 'student-4-13@test.ru', '$2y$10$8dGfjMSILUJSuzw6rXATquCrj2lCd4JX.qXtuEeH4OfrbY.aHxjSO', '2019-04-02 14:37:08', NULL, NULL, NULL, NULL, 2, 4),
(18, 'Студент-14', 'Группы-КИ-17м', 'student-4-14@test.ru', '$2y$10$8dGfjMSILUJSuzw6rXATquCrj2lCd4JX.qXtuEeH4OfrbY.aHxjSO', '2019-04-02 14:37:08', NULL, NULL, NULL, NULL, 2, 4),
(19, 'Студент-15', 'Группы-КИ-17м', 'student-4-15@test.ru', '$2y$10$8dGfjMSILUJSuzw6rXATquCrj2lCd4JX.qXtuEeH4OfrbY.aHxjSO', '2019-04-02 14:37:08', NULL, NULL, NULL, NULL, 2, 4),
(20, 'Студент-16', 'Группы-КИ-17м', 'student-4-16@test.ru', '$2y$10$8dGfjMSILUJSuzw6rXATquCrj2lCd4JX.qXtuEeH4OfrbY.aHxjSO', '2019-04-02 14:37:08', NULL, NULL, NULL, NULL, 2, 4),
(21, 'Студент-17', 'Группы-КИ-17м', 'student-4-17@test.ru', '$2y$10$8dGfjMSILUJSuzw6rXATquCrj2lCd4JX.qXtuEeH4OfrbY.aHxjSO', '2019-04-02 14:37:08', NULL, NULL, NULL, NULL, 2, 4),
(22, 'Студент-18', 'Группы-КИ-17м', 'student-4-18@test.ru', '$2y$10$8dGfjMSILUJSuzw6rXATquCrj2lCd4JX.qXtuEeH4OfrbY.aHxjSO', '2019-04-02 14:37:08', NULL, NULL, NULL, NULL, 2, 4),
(23, 'Студент-19', 'Группы-КИ-17м', 'student-4-19@test.ru', '$2y$10$8dGfjMSILUJSuzw6rXATquCrj2lCd4JX.qXtuEeH4OfrbY.aHxjSO', '2019-04-02 14:37:08', NULL, NULL, NULL, NULL, 2, 4),
(24, 'Студент-20', 'Группы-КИ-17м', 'student-4-20@test.ru', '$2y$10$8dGfjMSILUJSuzw6rXATquCrj2lCd4JX.qXtuEeH4OfrbY.aHxjSO', '2019-04-02 14:37:08', NULL, NULL, NULL, NULL, 2, 4),
(25, 'Абитуриент-1', 'Университета', 'student-3-1@test.ru', '$2y$10$8dGfjMSILUJSuzw6rXATquCrj2lCd4JX.qXtuEeH4OfrbY.aHxjSO', '2019-04-02 14:37:08', NULL, NULL, NULL, NULL, 2, 3),
(26, 'Абитуриент-2', 'Университета', 'student-3-2@test.ru', '$2y$10$8dGfjMSILUJSuzw6rXATquCrj2lCd4JX.qXtuEeH4OfrbY.aHxjSO', '2019-04-02 14:37:08', NULL, NULL, NULL, NULL, 2, 3),
(27, 'Абитуриент-3', 'Университета', 'student-3-3@test.ru', '$2y$10$8dGfjMSILUJSuzw6rXATquCrj2lCd4JX.qXtuEeH4OfrbY.aHxjSO', '2019-04-02 14:37:08', NULL, NULL, NULL, NULL, 2, 3),
(28, 'Абитуриент-4', 'Университета', 'student-3-4@test.ru', '$2y$10$8dGfjMSILUJSuzw6rXATquCrj2lCd4JX.qXtuEeH4OfrbY.aHxjSO', '2019-04-02 14:37:08', NULL, NULL, NULL, NULL, 2, 3),
(29, 'Абитуриент-5', 'Университета', 'student-3-5@test.ru', '$2y$10$8dGfjMSILUJSuzw6rXATquCrj2lCd4JX.qXtuEeH4OfrbY.aHxjSO', '2019-04-02 14:37:08', NULL, NULL, NULL, NULL, 2, 3),
(30, 'Абитуриент-6', 'Университета', 'student-3-6@test.ru', '$2y$10$8dGfjMSILUJSuzw6rXATquCrj2lCd4JX.qXtuEeH4OfrbY.aHxjSO', '2019-04-02 14:37:08', NULL, NULL, NULL, NULL, 2, 3),
(31, 'Абитуриент-7', 'Университета', 'student-3-7@test.ru', '$2y$10$8dGfjMSILUJSuzw6rXATquCrj2lCd4JX.qXtuEeH4OfrbY.aHxjSO', '2019-04-02 14:37:08', NULL, NULL, NULL, NULL, 2, 3),
(32, 'Абитуриент-8', 'Университета', 'student-3-8@test.ru', '$2y$10$8dGfjMSILUJSuzw6rXATquCrj2lCd4JX.qXtuEeH4OfrbY.aHxjSO', '2019-04-02 14:37:08', NULL, NULL, NULL, NULL, 2, 3),
(33, 'Абитуриент-9', 'Университета', 'student-3-9@test.ru', '$2y$10$8dGfjMSILUJSuzw6rXATquCrj2lCd4JX.qXtuEeH4OfrbY.aHxjSO', '2019-04-02 14:37:08', NULL, NULL, NULL, NULL, 2, 3),
(34, 'Абитуриент-10', 'Университета', 'student-3-10@test.ru', '$2y$10$8dGfjMSILUJSuzw6rXATquCrj2lCd4JX.qXtuEeH4OfrbY.aHxjSO', '2019-04-02 14:37:08', NULL, NULL, NULL, NULL, 2, 3),
(35, 'Абитуриент-11', 'Университета', 'student-3-11@test.ru', '$2y$10$8dGfjMSILUJSuzw6rXATquCrj2lCd4JX.qXtuEeH4OfrbY.aHxjSO', '2019-04-02 14:37:08', NULL, NULL, NULL, NULL, 2, 3),
(36, 'Абитуриент-12', 'Университета', 'student-3-12@test.ru', '$2y$10$8dGfjMSILUJSuzw6rXATquCrj2lCd4JX.qXtuEeH4OfrbY.aHxjSO', '2019-04-02 14:37:08', NULL, NULL, NULL, NULL, 2, 3),
(37, 'Абитуриент-13', 'Университета', 'student-3-13@test.ru', '$2y$10$8dGfjMSILUJSuzw6rXATquCrj2lCd4JX.qXtuEeH4OfrbY.aHxjSO', '2019-04-02 14:37:08', NULL, NULL, NULL, NULL, 2, 3),
(38, 'Абитуриент-14', 'Университета', 'student-3-14@test.ru', '$2y$10$8dGfjMSILUJSuzw6rXATquCrj2lCd4JX.qXtuEeH4OfrbY.aHxjSO', '2019-04-02 14:37:08', NULL, NULL, NULL, NULL, 2, 3),
(39, 'Абитуриент-15', 'Университета', 'student-3-15@test.ru', '$2y$10$8dGfjMSILUJSuzw6rXATquCrj2lCd4JX.qXtuEeH4OfrbY.aHxjSO', '2019-04-02 14:37:08', NULL, NULL, NULL, NULL, 2, 3),
(40, 'Абитуриент-16', 'Университета', 'student-3-16@test.ru', '$2y$10$8dGfjMSILUJSuzw6rXATquCrj2lCd4JX.qXtuEeH4OfrbY.aHxjSO', '2019-04-02 14:37:08', NULL, NULL, NULL, NULL, 2, 3),
(41, 'Абитуриент-17', 'Университета', 'student-3-17@test.ru', '$2y$10$8dGfjMSILUJSuzw6rXATquCrj2lCd4JX.qXtuEeH4OfrbY.aHxjSO', '2019-04-02 14:37:08', NULL, NULL, NULL, NULL, 2, 3),
(42, 'Абитуриент-18', 'Университета', 'student-3-18@test.ru', '$2y$10$8dGfjMSILUJSuzw6rXATquCrj2lCd4JX.qXtuEeH4OfrbY.aHxjSO', '2019-04-02 14:37:08', NULL, NULL, NULL, NULL, 2, 3),
(43, 'Абитуриент-19', 'Университета', 'student-3-19@test.ru', '$2y$10$8dGfjMSILUJSuzw6rXATquCrj2lCd4JX.qXtuEeH4OfrbY.aHxjSO', '2019-04-02 14:37:08', NULL, NULL, NULL, NULL, 2, 3),
(44, 'Абитуриент-20', 'Университета', 'student-3-20@test.ru', '$2y$10$8dGfjMSILUJSuzw6rXATquCrj2lCd4JX.qXtuEeH4OfrbY.aHxjSO', '2019-04-02 14:37:08', NULL, NULL, NULL, NULL, 2, 3),
(45, 'Студент-1', 'Группы-КСМ-15-1', 'student-5-1@test.ru', '$2y$10$8dGfjMSILUJSuzw6rXATquCrj2lCd4JX.qXtuEeH4OfrbY.aHxjSO', '2019-04-02 14:37:08', NULL, NULL, NULL, NULL, 2, 5),
(46, 'Студент-2', 'Группы-КСМ-15-1', 'student-5-2@test.ru', '$2y$10$8dGfjMSILUJSuzw6rXATquCrj2lCd4JX.qXtuEeH4OfrbY.aHxjSO', '2019-04-02 14:37:08', NULL, NULL, NULL, NULL, 2, 5),
(47, 'Студент-3', 'Группы-КСМ-15-1', 'student-5-3@test.ru', '$2y$10$8dGfjMSILUJSuzw6rXATquCrj2lCd4JX.qXtuEeH4OfrbY.aHxjSO', '2019-04-02 14:37:08', NULL, NULL, NULL, NULL, 2, 5),
(48, 'Студент-4', 'Группы-КСМ-15-1', 'student-5-4@test.ru', '$2y$10$8dGfjMSILUJSuzw6rXATquCrj2lCd4JX.qXtuEeH4OfrbY.aHxjSO', '2019-04-02 14:37:08', NULL, NULL, NULL, NULL, 2, 5),
(49, 'Студент-5', 'Группы-КСМ-15-1', 'student-5-5@test.ru', '$2y$10$8dGfjMSILUJSuzw6rXATquCrj2lCd4JX.qXtuEeH4OfrbY.aHxjSO', '2019-04-02 14:37:08', NULL, NULL, NULL, NULL, 2, 5),
(50, 'Студент-6', 'Группы-КСМ-15-1', 'student-5-6@test.ru', '$2y$10$8dGfjMSILUJSuzw6rXATquCrj2lCd4JX.qXtuEeH4OfrbY.aHxjSO', '2019-04-02 14:37:08', NULL, NULL, NULL, NULL, 2, 5),
(51, 'Студент-7', 'Группы-КСМ-15-1', 'student-5-7@test.ru', '$2y$10$8dGfjMSILUJSuzw6rXATquCrj2lCd4JX.qXtuEeH4OfrbY.aHxjSO', '2019-04-02 14:37:08', NULL, NULL, NULL, NULL, 2, 5),
(52, 'Студент-8', 'Группы-КСМ-15-1', 'student-5-8@test.ru', '$2y$10$8dGfjMSILUJSuzw6rXATquCrj2lCd4JX.qXtuEeH4OfrbY.aHxjSO', '2019-04-02 14:37:08', NULL, NULL, NULL, NULL, 2, 5),
(53, 'Студент-9', 'Группы-КСМ-15-1', 'student-5-9@test.ru', '$2y$10$8dGfjMSILUJSuzw6rXATquCrj2lCd4JX.qXtuEeH4OfrbY.aHxjSO', '2019-04-02 14:37:08', NULL, NULL, NULL, NULL, 2, 5),
(54, 'Студент-10', 'Группы-КСМ-15-1', 'student-5-10@test.ru', '$2y$10$8dGfjMSILUJSuzw6rXATquCrj2lCd4JX.qXtuEeH4OfrbY.aHxjSO', '2019-04-02 14:37:08', NULL, NULL, NULL, NULL, 2, 5),
(55, 'Студент-11', 'Группы-КСМ-15-1', 'student-5-11@test.ru', '$2y$10$8dGfjMSILUJSuzw6rXATquCrj2lCd4JX.qXtuEeH4OfrbY.aHxjSO', '2019-04-02 14:37:08', NULL, NULL, NULL, NULL, 2, 5),
(56, 'Студент-12', 'Группы-КСМ-15-1', 'student-5-12@test.ru', '$2y$10$8dGfjMSILUJSuzw6rXATquCrj2lCd4JX.qXtuEeH4OfrbY.aHxjSO', '2019-04-02 14:37:08', NULL, NULL, NULL, NULL, 2, 5),
(57, 'Студент-13', 'Группы-КСМ-15-1', 'student-5-13@test.ru', '$2y$10$8dGfjMSILUJSuzw6rXATquCrj2lCd4JX.qXtuEeH4OfrbY.aHxjSO', '2019-04-02 14:37:08', NULL, NULL, NULL, NULL, 2, 5),
(58, 'Студент-14', 'Группы-КСМ-15-1', 'student-5-14@test.ru', '$2y$10$8dGfjMSILUJSuzw6rXATquCrj2lCd4JX.qXtuEeH4OfrbY.aHxjSO', '2019-04-02 14:37:08', NULL, NULL, NULL, NULL, 2, 5),
(59, 'Студент-15', 'Группы-КСМ-15-1', 'student-5-15@test.ru', '$2y$10$8dGfjMSILUJSuzw6rXATquCrj2lCd4JX.qXtuEeH4OfrbY.aHxjSO', '2019-04-02 14:37:08', NULL, NULL, NULL, NULL, 2, 5),
(60, 'Студент-1', 'Группы-КСМ-15-2', 'student-6-1@test.ru', '$2y$10$8dGfjMSILUJSuzw6rXATquCrj2lCd4JX.qXtuEeH4OfrbY.aHxjSO', '2019-04-02 14:37:08', NULL, NULL, NULL, NULL, 2, 6),
(61, 'Студент-2', 'Группы-КСМ-15-2', 'student-6-2@test.ru', '$2y$10$8dGfjMSILUJSuzw6rXATquCrj2lCd4JX.qXtuEeH4OfrbY.aHxjSO', '2019-04-02 14:37:08', NULL, NULL, NULL, NULL, 2, 6),
(62, 'Студент-3', 'Группы-КСМ-15-2', 'student-6-3@test.ru', '$2y$10$8dGfjMSILUJSuzw6rXATquCrj2lCd4JX.qXtuEeH4OfrbY.aHxjSO', '2019-04-02 14:37:08', NULL, NULL, NULL, NULL, 2, 6),
(63, 'Студент-4', 'Группы-КСМ-15-2', 'student-6-4@test.ru', '$2y$10$8dGfjMSILUJSuzw6rXATquCrj2lCd4JX.qXtuEeH4OfrbY.aHxjSO', '2019-04-02 14:37:08', NULL, NULL, NULL, NULL, 2, 6),
(64, 'Студент-5', 'Группы-КСМ-15-2', 'student-6-5@test.ru', '$2y$10$8dGfjMSILUJSuzw6rXATquCrj2lCd4JX.qXtuEeH4OfrbY.aHxjSO', '2019-04-02 14:37:08', NULL, NULL, NULL, NULL, 2, 6),
(65, 'Студент-6', 'Группы-КСМ-15-2', 'student-6-6@test.ru', '$2y$10$8dGfjMSILUJSuzw6rXATquCrj2lCd4JX.qXtuEeH4OfrbY.aHxjSO', '2019-04-02 14:37:08', NULL, NULL, NULL, NULL, 2, 6),
(66, 'Студент-7', 'Группы-КСМ-15-2', 'student-6-7@test.ru', '$2y$10$8dGfjMSILUJSuzw6rXATquCrj2lCd4JX.qXtuEeH4OfrbY.aHxjSO', '2019-04-02 14:37:08', NULL, NULL, NULL, NULL, 2, 6),
(67, 'Студент-8', 'Группы-КСМ-15-2', 'student-6-8@test.ru', '$2y$10$8dGfjMSILUJSuzw6rXATquCrj2lCd4JX.qXtuEeH4OfrbY.aHxjSO', '2019-04-02 14:37:08', NULL, NULL, NULL, NULL, 2, 6),
(68, 'Студент-9', 'Группы-КСМ-15-2', 'student-6-9@test.ru', '$2y$10$8dGfjMSILUJSuzw6rXATquCrj2lCd4JX.qXtuEeH4OfrbY.aHxjSO', '2019-04-02 14:37:08', NULL, NULL, NULL, NULL, 2, 6),
(69, 'Студент-10', 'Группы-КСМ-15-2', 'student-6-10@test.ru', '$2y$10$8dGfjMSILUJSuzw6rXATquCrj2lCd4JX.qXtuEeH4OfrbY.aHxjSO', '2019-04-02 14:37:08', NULL, NULL, NULL, NULL, 2, 6),
(70, 'Студент-11', 'Группы-КСМ-15-2', 'student-6-11@test.ru', '$2y$10$8dGfjMSILUJSuzw6rXATquCrj2lCd4JX.qXtuEeH4OfrbY.aHxjSO', '2019-04-02 14:37:08', NULL, NULL, NULL, NULL, 2, 6),
(71, 'Студент-12', 'Группы-КСМ-15-2', 'student-6-12@test.ru', '$2y$10$8dGfjMSILUJSuzw6rXATquCrj2lCd4JX.qXtuEeH4OfrbY.aHxjSO', '2019-04-02 14:37:08', NULL, NULL, NULL, NULL, 2, 6),
(72, 'Студент-13', 'Группы-КСМ-15-2', 'student-6-13@test.ru', '$2y$10$8dGfjMSILUJSuzw6rXATquCrj2lCd4JX.qXtuEeH4OfrbY.aHxjSO', '2019-04-02 14:37:08', NULL, NULL, NULL, NULL, 2, 6),
(73, 'Студент-14', 'Группы-КСМ-15-2', 'student-6-14@test.ru', '$2y$10$8dGfjMSILUJSuzw6rXATquCrj2lCd4JX.qXtuEeH4OfrbY.aHxjSO', '2019-04-02 14:37:08', NULL, NULL, NULL, NULL, 2, 6),
(74, 'Студент-15', 'Группы-КСМ-15-2', 'student-6-15@test.ru', '$2y$10$8dGfjMSILUJSuzw6rXATquCrj2lCd4JX.qXtuEeH4OfrbY.aHxjSO', '2019-04-02 14:37:08', NULL, NULL, NULL, NULL, 2, 6),
(75, 'Студент-1', 'Группы-КСМ-16-1', 'student-7-1@test.ru', '$2y$10$8dGfjMSILUJSuzw6rXATquCrj2lCd4JX.qXtuEeH4OfrbY.aHxjSO', '2019-04-02 14:37:08', NULL, NULL, NULL, NULL, 2, 7),
(76, 'Студент-2', 'Группы-КСМ-16-1', 'student-7-2@test.ru', '$2y$10$8dGfjMSILUJSuzw6rXATquCrj2lCd4JX.qXtuEeH4OfrbY.aHxjSO', '2019-04-02 14:37:08', NULL, NULL, NULL, NULL, 2, 7),
(77, 'Студент-3', 'Группы-КСМ-16-1', 'student-7-3@test.ru', '$2y$10$8dGfjMSILUJSuzw6rXATquCrj2lCd4JX.qXtuEeH4OfrbY.aHxjSO', '2019-04-02 14:37:08', NULL, NULL, NULL, NULL, 2, 7),
(78, 'Студент-4', 'Группы-КСМ-16-1', 'student-7-4@test.ru', '$2y$10$8dGfjMSILUJSuzw6rXATquCrj2lCd4JX.qXtuEeH4OfrbY.aHxjSO', '2019-04-02 14:37:08', NULL, NULL, NULL, NULL, 2, 7),
(79, 'Студент-5', 'Группы-КСМ-16-1', 'student-7-5@test.ru', '$2y$10$8dGfjMSILUJSuzw6rXATquCrj2lCd4JX.qXtuEeH4OfrbY.aHxjSO', '2019-04-02 14:37:08', NULL, NULL, NULL, NULL, 1, 7),
(80, 'Студент-6', 'Группы-КСМ-16-1', 'student-7-6@test.ru', '$2y$10$8dGfjMSILUJSuzw6rXATquCrj2lCd4JX.qXtuEeH4OfrbY.aHxjSO', '2019-04-02 14:37:08', NULL, NULL, NULL, NULL, 2, 7),
(81, 'Студент-7', 'Группы-КСМ-16-1', 'student-7-7@test.ru', '$2y$10$8dGfjMSILUJSuzw6rXATquCrj2lCd4JX.qXtuEeH4OfrbY.aHxjSO', '2019-04-02 14:37:08', NULL, NULL, NULL, NULL, 1, 7),
(82, 'Студент-8', 'Группы-КСМ-16-1', 'student-7-8@test.ru', '$2y$10$8dGfjMSILUJSuzw6rXATquCrj2lCd4JX.qXtuEeH4OfrbY.aHxjSO', '2019-04-02 14:37:08', NULL, NULL, NULL, NULL, 1, 7),
(83, 'Студент-9', 'Группы-КСМ-16-1', 'student-7-9@test.ru', '$2y$10$8dGfjMSILUJSuzw6rXATquCrj2lCd4JX.qXtuEeH4OfrbY.aHxjSO', '2019-04-02 14:37:08', NULL, NULL, NULL, NULL, 2, 7),
(84, 'Студент-10', 'Группы-КСМ-16-1', 'student-7-10@test.ru', '$2y$10$8dGfjMSILUJSuzw6rXATquCrj2lCd4JX.qXtuEeH4OfrbY.aHxjSO', '2019-04-02 14:37:08', NULL, NULL, NULL, NULL, 2, 7),
(85, 'Студент-11', 'Группы-КСМ-16-1', 'student-7-11@test.ru', '$2y$10$8dGfjMSILUJSuzw6rXATquCrj2lCd4JX.qXtuEeH4OfrbY.aHxjSO', '2019-04-02 14:37:08', NULL, NULL, NULL, NULL, 2, 7),
(86, 'Студент-12', 'Группы-КСМ-16-1', 'student-7-12@test.ru', '$2y$10$8dGfjMSILUJSuzw6rXATquCrj2lCd4JX.qXtuEeH4OfrbY.aHxjSO', '2019-04-02 14:37:08', NULL, NULL, NULL, NULL, 1, 7),
(87, 'Студент-13', 'Группы-КСМ-16-1', 'student-7-13@test.ru', '$2y$10$8dGfjMSILUJSuzw6rXATquCrj2lCd4JX.qXtuEeH4OfrbY.aHxjSO', '2019-04-02 14:37:08', NULL, NULL, NULL, NULL, 2, 7),
(88, 'Студент-14', 'Группы-КСМ-16-1', 'student-7-14@test.ru', '$2y$10$8dGfjMSILUJSuzw6rXATquCrj2lCd4JX.qXtuEeH4OfrbY.aHxjSO', '2019-04-02 14:37:08', NULL, NULL, NULL, NULL, 1, 7),
(89, 'Студент-15', 'Группы-КСМ-16-1', 'student-7-15@test.ru', '$2y$10$8dGfjMSILUJSuzw6rXATquCrj2lCd4JX.qXtuEeH4OfrbY.aHxjSO', '2019-04-02 14:37:08', NULL, NULL, NULL, NULL, 1, 7),
(90, 'Студент-1', 'Группы-КСМ-16-2', 'student-8-1@test.ru', '$2y$10$8dGfjMSILUJSuzw6rXATquCrj2lCd4JX.qXtuEeH4OfrbY.aHxjSO', '2019-04-02 14:37:08', NULL, NULL, NULL, NULL, 2, 8),
(91, 'Студент-2', 'Группы-КСМ-16-2', 'student-8-2@test.ru', '$2y$10$8dGfjMSILUJSuzw6rXATquCrj2lCd4JX.qXtuEeH4OfrbY.aHxjSO', '2019-04-02 14:37:08', NULL, NULL, NULL, NULL, 1, 8),
(92, 'Студент-3', 'Группы-КСМ-16-2', 'student-8-3@test.ru', '$2y$10$8dGfjMSILUJSuzw6rXATquCrj2lCd4JX.qXtuEeH4OfrbY.aHxjSO', '2019-04-02 14:37:08', NULL, NULL, NULL, NULL, 2, 8),
(93, 'Студент-4', 'Группы-КСМ-16-2', 'student-8-4@test.ru', '$2y$10$8dGfjMSILUJSuzw6rXATquCrj2lCd4JX.qXtuEeH4OfrbY.aHxjSO', '2019-04-02 14:37:08', NULL, NULL, NULL, NULL, 1, 8),
(94, 'Студент-5', 'Группы-КСМ-16-2', 'student-8-5@test.ru', '$2y$10$8dGfjMSILUJSuzw6rXATquCrj2lCd4JX.qXtuEeH4OfrbY.aHxjSO', '2019-04-02 14:37:08', NULL, NULL, NULL, NULL, 1, 8),
(95, 'Студент-6', 'Группы-КСМ-16-2', 'student-8-6@test.ru', '$2y$10$8dGfjMSILUJSuzw6rXATquCrj2lCd4JX.qXtuEeH4OfrbY.aHxjSO', '2019-04-02 14:37:08', NULL, NULL, NULL, NULL, 1, 8),
(96, 'Студент-7', 'Группы-КСМ-16-2', 'student-8-7@test.ru', '$2y$10$8dGfjMSILUJSuzw6rXATquCrj2lCd4JX.qXtuEeH4OfrbY.aHxjSO', '2019-04-02 14:37:08', NULL, NULL, NULL, NULL, 2, 8),
(97, 'Студент-8', 'Группы-КСМ-16-2', 'student-8-8@test.ru', '$2y$10$8dGfjMSILUJSuzw6rXATquCrj2lCd4JX.qXtuEeH4OfrbY.aHxjSO', '2019-04-02 14:37:08', NULL, NULL, NULL, NULL, 2, 8),
(98, 'Студент-9', 'Группы-КСМ-16-2', 'student-8-9@test.ru', '$2y$10$8dGfjMSILUJSuzw6rXATquCrj2lCd4JX.qXtuEeH4OfrbY.aHxjSO', '2019-04-02 14:37:08', NULL, NULL, NULL, NULL, 2, 8),
(99, 'Студент-10', 'Группы-КСМ-16-2', 'student-8-10@test.ru', '$2y$10$8dGfjMSILUJSuzw6rXATquCrj2lCd4JX.qXtuEeH4OfrbY.aHxjSO', '2019-04-02 14:37:08', NULL, NULL, NULL, NULL, 2, 8),
(100, 'Студент-11', 'Группы-КСМ-16-2', 'student-8-11@test.ru', '$2y$10$8dGfjMSILUJSuzw6rXATquCrj2lCd4JX.qXtuEeH4OfrbY.aHxjSO', '2019-04-02 14:37:08', NULL, NULL, NULL, NULL, 2, 8),
(101, 'Студент-12', 'Группы-КСМ-16-2', 'student-8-12@test.ru', '$2y$10$8dGfjMSILUJSuzw6rXATquCrj2lCd4JX.qXtuEeH4OfrbY.aHxjSO', '2019-04-02 14:37:08', NULL, NULL, NULL, NULL, 2, 8),
(102, 'Студент-13', 'Группы-КСМ-16-2', 'student-8-13@test.ru', '$2y$10$8dGfjMSILUJSuzw6rXATquCrj2lCd4JX.qXtuEeH4OfrbY.aHxjSO', '2019-04-02 14:37:08', NULL, NULL, NULL, NULL, 2, 8),
(103, 'Студент-14', 'Группы-КСМ-16-2', 'student-8-14@test.ru', '$2y$10$8dGfjMSILUJSuzw6rXATquCrj2lCd4JX.qXtuEeH4OfrbY.aHxjSO', '2019-04-02 14:37:08', NULL, NULL, NULL, NULL, 2, 8),
(104, 'Студент-15', 'Группы-КСМ-16-2', 'student-8-15@test.ru', '$2y$10$8dGfjMSILUJSuzw6rXATquCrj2lCd4JX.qXtuEeH4OfrbY.aHxjSO', '2019-04-02 14:37:08', NULL, NULL, NULL, NULL, 1, 8),
(105, 'Студент-1', 'Группы-КСМ-17-1', 'student-9-1@test.ru', '$2y$10$8dGfjMSILUJSuzw6rXATquCrj2lCd4JX.qXtuEeH4OfrbY.aHxjSO', '2019-04-02 14:37:08', NULL, NULL, NULL, NULL, 2, 9),
(106, 'Студент-2', 'Группы-КСМ-17-1', 'student-9-2@test.ru', '$2y$10$8dGfjMSILUJSuzw6rXATquCrj2lCd4JX.qXtuEeH4OfrbY.aHxjSO', '2019-04-02 14:37:08', NULL, NULL, NULL, NULL, 2, 9),
(107, 'Студент-3', 'Группы-КСМ-17-1', 'student-9-3@test.ru', '$2y$10$8dGfjMSILUJSuzw6rXATquCrj2lCd4JX.qXtuEeH4OfrbY.aHxjSO', '2019-04-02 14:37:08', NULL, NULL, NULL, NULL, 2, 9),
(108, 'Студент-4', 'Группы-КСМ-17-1', 'student-9-4@test.ru', '$2y$10$8dGfjMSILUJSuzw6rXATquCrj2lCd4JX.qXtuEeH4OfrbY.aHxjSO', '2019-04-02 14:37:08', NULL, NULL, NULL, NULL, 2, 9),
(109, 'Студент-5', 'Группы-КСМ-17-1', 'student-9-5@test.ru', '$2y$10$8dGfjMSILUJSuzw6rXATquCrj2lCd4JX.qXtuEeH4OfrbY.aHxjSO', '2019-04-02 14:37:08', NULL, NULL, NULL, NULL, 2, 9),
(110, 'Студент-6', 'Группы-КСМ-17-1', 'student-9-6@test.ru', '$2y$10$8dGfjMSILUJSuzw6rXATquCrj2lCd4JX.qXtuEeH4OfrbY.aHxjSO', '2019-04-02 14:37:08', NULL, NULL, NULL, NULL, 1, 9),
(111, 'Студент-7', 'Группы-КСМ-17-1', 'student-9-7@test.ru', '$2y$10$8dGfjMSILUJSuzw6rXATquCrj2lCd4JX.qXtuEeH4OfrbY.aHxjSO', '2019-04-02 14:37:08', NULL, NULL, NULL, NULL, 1, 9),
(112, 'Студент-8', 'Группы-КСМ-17-1', 'student-9-8@test.ru', '$2y$10$8dGfjMSILUJSuzw6rXATquCrj2lCd4JX.qXtuEeH4OfrbY.aHxjSO', '2019-04-02 14:37:08', NULL, NULL, NULL, NULL, 1, 9),
(113, 'Студент-9', 'Группы-КСМ-17-1', 'student-9-9@test.ru', '$2y$10$8dGfjMSILUJSuzw6rXATquCrj2lCd4JX.qXtuEeH4OfrbY.aHxjSO', '2019-04-02 14:37:08', NULL, NULL, NULL, NULL, 1, 9),
(114, 'Студент-10', 'Группы-КСМ-17-1', 'student-9-10@test.ru', '$2y$10$8dGfjMSILUJSuzw6rXATquCrj2lCd4JX.qXtuEeH4OfrbY.aHxjSO', '2019-04-02 14:37:08', NULL, NULL, NULL, NULL, 2, 9),
(115, 'Студент-11', 'Группы-КСМ-17-1', 'student-9-11@test.ru', '$2y$10$8dGfjMSILUJSuzw6rXATquCrj2lCd4JX.qXtuEeH4OfrbY.aHxjSO', '2019-04-02 14:37:08', NULL, NULL, NULL, NULL, 1, 9),
(116, 'Студент-12', 'Группы-КСМ-17-1', 'student-9-12@test.ru', '$2y$10$8dGfjMSILUJSuzw6rXATquCrj2lCd4JX.qXtuEeH4OfrbY.aHxjSO', '2019-04-02 14:37:08', NULL, NULL, NULL, NULL, 2, 9),
(117, 'Студент-13', 'Группы-КСМ-17-1', 'student-9-13@test.ru', '$2y$10$8dGfjMSILUJSuzw6rXATquCrj2lCd4JX.qXtuEeH4OfrbY.aHxjSO', '2019-04-02 14:37:08', NULL, NULL, NULL, NULL, 2, 9),
(118, 'Студент-14', 'Группы-КСМ-17-1', 'student-9-14@test.ru', '$2y$10$8dGfjMSILUJSuzw6rXATquCrj2lCd4JX.qXtuEeH4OfrbY.aHxjSO', '2019-04-02 14:37:08', NULL, NULL, NULL, NULL, 1, 9),
(119, 'Студент-15', 'Группы-КСМ-17-1', 'student-9-15@test.ru', '$2y$10$8dGfjMSILUJSuzw6rXATquCrj2lCd4JX.qXtuEeH4OfrbY.aHxjSO', '2019-04-02 14:37:08', NULL, NULL, NULL, NULL, 2, 9),
(120, 'Студент-1', 'Группы-КСМ-17-2', 'student-10-1@test.ru', '$2y$10$8dGfjMSILUJSuzw6rXATquCrj2lCd4JX.qXtuEeH4OfrbY.aHxjSO', '2019-04-02 14:37:08', NULL, NULL, NULL, NULL, 2, 10),
(121, 'Студент-2', 'Группы-КСМ-17-2', 'student-10-2@test.ru', '$2y$10$8dGfjMSILUJSuzw6rXATquCrj2lCd4JX.qXtuEeH4OfrbY.aHxjSO', '2019-04-02 14:37:08', NULL, NULL, NULL, NULL, 1, 10),
(122, 'Студент-3', 'Группы-КСМ-17-2', 'student-10-3@test.ru', '$2y$10$8dGfjMSILUJSuzw6rXATquCrj2lCd4JX.qXtuEeH4OfrbY.aHxjSO', '2019-04-02 14:37:08', NULL, NULL, NULL, NULL, 1, 10),
(123, 'Студент-4', 'Группы-КСМ-17-2', 'student-10-4@test.ru', '$2y$10$8dGfjMSILUJSuzw6rXATquCrj2lCd4JX.qXtuEeH4OfrbY.aHxjSO', '2019-04-02 14:37:08', NULL, NULL, NULL, NULL, 1, 10),
(124, 'Студент-5', 'Группы-КСМ-17-2', 'student-10-5@test.ru', '$2y$10$8dGfjMSILUJSuzw6rXATquCrj2lCd4JX.qXtuEeH4OfrbY.aHxjSO', '2019-04-02 14:37:08', NULL, NULL, NULL, NULL, 2, 10),
(125, 'Студент-6', 'Группы-КСМ-17-2', 'student-10-6@test.ru', '$2y$10$8dGfjMSILUJSuzw6rXATquCrj2lCd4JX.qXtuEeH4OfrbY.aHxjSO', '2019-04-02 14:37:08', NULL, NULL, NULL, NULL, 1, 10),
(126, 'Студент-7', 'Группы-КСМ-17-2', 'student-10-7@test.ru', '$2y$10$8dGfjMSILUJSuzw6rXATquCrj2lCd4JX.qXtuEeH4OfrbY.aHxjSO', '2019-04-02 14:37:08', NULL, NULL, NULL, NULL, 1, 10),
(127, 'Студент-8', 'Группы-КСМ-17-2', 'student-10-8@test.ru', '$2y$10$8dGfjMSILUJSuzw6rXATquCrj2lCd4JX.qXtuEeH4OfrbY.aHxjSO', '2019-04-02 14:37:08', NULL, NULL, NULL, NULL, 1, 10),
(128, 'Студент-9', 'Группы-КСМ-17-2', 'student-10-9@test.ru', '$2y$10$8dGfjMSILUJSuzw6rXATquCrj2lCd4JX.qXtuEeH4OfrbY.aHxjSO', '2019-04-02 14:37:08', NULL, NULL, NULL, NULL, 2, 10),
(129, 'Студент-10', 'Группы-КСМ-17-2', 'student-10-10@test.ru', '$2y$10$8dGfjMSILUJSuzw6rXATquCrj2lCd4JX.qXtuEeH4OfrbY.aHxjSO', '2019-04-02 14:37:08', NULL, NULL, NULL, NULL, 2, 10),
(130, 'Студент-11', 'Группы-КСМ-17-2', 'student-10-11@test.ru', '$2y$10$8dGfjMSILUJSuzw6rXATquCrj2lCd4JX.qXtuEeH4OfrbY.aHxjSO', '2019-04-02 14:37:08', NULL, NULL, NULL, NULL, 1, 10),
(131, 'Студент-12', 'Группы-КСМ-17-2', 'student-10-12@test.ru', '$2y$10$8dGfjMSILUJSuzw6rXATquCrj2lCd4JX.qXtuEeH4OfrbY.aHxjSO', '2019-04-02 14:37:08', NULL, NULL, NULL, NULL, 1, 10),
(132, 'Студент-13', 'Группы-КСМ-17-2', 'student-10-13@test.ru', '$2y$10$8dGfjMSILUJSuzw6rXATquCrj2lCd4JX.qXtuEeH4OfrbY.aHxjSO', '2019-04-02 14:37:08', NULL, NULL, NULL, NULL, 2, 10),
(133, 'Студент-14', 'Группы-КСМ-17-2', 'student-10-14@test.ru', '$2y$10$8dGfjMSILUJSuzw6rXATquCrj2lCd4JX.qXtuEeH4OfrbY.aHxjSO', '2019-04-02 14:37:08', NULL, NULL, NULL, NULL, 2, 10),
(134, 'Студент-15', 'Группы-КСМ-17-2', 'student-10-15@test.ru', '$2y$10$8dGfjMSILUJSuzw6rXATquCrj2lCd4JX.qXtuEeH4OfrbY.aHxjSO', '2019-04-02 14:37:08', NULL, NULL, NULL, NULL, 2, 10);

-- --------------------------------------------------------

--
-- Структура таблицы `user_courses`
--

CREATE TABLE `user_courses` (
  `id` int(10) UNSIGNED NOT NULL,
  `status` int(10) UNSIGNED NOT NULL DEFAULT '0',
  `score` int(10) UNSIGNED NOT NULL DEFAULT '0',
  `created_at` timestamp NULL DEFAULT NULL,
  `updated_at` timestamp NULL DEFAULT NULL,
  `user_id` int(10) UNSIGNED NOT NULL,
  `course_id` int(10) UNSIGNED NOT NULL
) ENGINE=InnoDB DEFAULT CHARSET=utf8mb4 COLLATE=utf8mb4_unicode_ci;

--
-- Дамп данных таблицы `user_courses`
--

INSERT INTO `user_courses` (`id`, `status`, `score`, `created_at`, `updated_at`, `user_id`, `course_id`) VALUES
(1, 1, 22, NULL, NULL, 8, 3),
(2, 0, 44, NULL, NULL, 12, 3),
(3, 1, 44, NULL, NULL, 3, 2),
(4, 0, 47, NULL, NULL, 6, 1),
(5, 1, 16, NULL, NULL, 5, 1),
(6, 0, 23, NULL, NULL, 14, 3),
(7, 1, 12, NULL, NULL, 5, 2),
(8, 0, 16, NULL, NULL, 3, 4),
(9, 0, 0, NULL, NULL, 6, 5),
(10, 1, 51, NULL, NULL, 17, 4),
(11, 1, 30, NULL, NULL, 10, 3),
(12, 0, 28, NULL, NULL, 1, 2),
(13, 1, 66, NULL, NULL, 7, 2),
(14, 0, 26, NULL, NULL, 14, 3),
(15, 0, 29, NULL, NULL, 1, 4),
(16, 1, 44, NULL, NULL, 17, 4),
(17, 1, 8, NULL, NULL, 15, 4),
(18, 0, 97, NULL, NULL, 16, 2),
(19, 1, 55, NULL, NULL, 20, 4),
(20, 1, 41, NULL, NULL, 12, 4),
(21, 0, 55, NULL, NULL, 3, 2),
(22, 0, 2, NULL, NULL, 13, 5),
(23, 1, 33, NULL, NULL, 1, 4),
(24, 1, 56, NULL, NULL, 15, 5),
(25, 1, 32, NULL, NULL, 5, 2),
(26, 0, 44, NULL, NULL, 6, 3),
(27, 1, 11, NULL, NULL, 7, 2),
(28, 0, 14, NULL, NULL, 6, 2),
(29, 1, 61, NULL, NULL, 18, 4),
(30, 1, 12, NULL, NULL, 8, 4);

--
-- Индексы сохранённых таблиц
--

--
-- Индексы таблицы `answers`
--
ALTER TABLE `answers`
  ADD PRIMARY KEY (`id`),
  ADD KEY `answers_question_id_foreign` (`question_id`);

--
-- Индексы таблицы `assignments`
--
ALTER TABLE `assignments`
  ADD PRIMARY KEY (`id`),
  ADD UNIQUE KEY `assignments_alias_unique` (`alias`),
  ADD KEY `assignments_course_id_foreign` (`course_id`);

--
-- Индексы таблицы `assignment_results`
--
ALTER TABLE `assignment_results`
  ADD PRIMARY KEY (`id`),
  ADD UNIQUE KEY `unique_records` (`user_course_id`,`assignment_id`),
  ADD KEY `assignment_results_assignment_id_foreign` (`assignment_id`);

--
-- Индексы таблицы `courses`
--
ALTER TABLE `courses`
  ADD PRIMARY KEY (`id`),
  ADD UNIQUE KEY `courses_name_unique` (`name`),
  ADD UNIQUE KEY `courses_alias_unique` (`alias`),
  ADD KEY `courses_author_id_foreign` (`author_id`);

--
-- Индексы таблицы `groups`
--
ALTER TABLE `groups`
  ADD PRIMARY KEY (`id`),
  ADD UNIQUE KEY `groups_name_unique` (`name`);

--
-- Индексы таблицы `migrations`
--
ALTER TABLE `migrations`
  ADD PRIMARY KEY (`id`);

--
-- Индексы таблицы `pages`
--
ALTER TABLE `pages`
  ADD PRIMARY KEY (`id`),
  ADD KEY `pages_topic_id_foreign` (`topic_id`);

--
-- Индексы таблицы `password_resets`
--
ALTER TABLE `password_resets`
  ADD KEY `password_resets_email_index` (`email`);

--
-- Индексы таблицы `questions`
--
ALTER TABLE `questions`
  ADD PRIMARY KEY (`id`),
  ADD KEY `questions_assignment_id_foreign` (`assignment_id`);

--
-- Индексы таблицы `resources`
--
ALTER TABLE `resources`
  ADD PRIMARY KEY (`id`),
  ADD UNIQUE KEY `resources_alias_unique` (`alias`),
  ADD KEY `resources_resource_type_id_foreign` (`resource_type_id`),
  ADD KEY `resources_course_id_foreign` (`course_id`);

--
-- Индексы таблицы `resource_types`
--
ALTER TABLE `resource_types`
  ADD PRIMARY KEY (`id`);

--
-- Индексы таблицы `roles`
--
ALTER TABLE `roles`
  ADD PRIMARY KEY (`id`),
  ADD UNIQUE KEY `roles_name_unique` (`name`);

--
-- Индексы таблицы `topics`
--
ALTER TABLE `topics`
  ADD PRIMARY KEY (`id`),
  ADD UNIQUE KEY `topics_alias_unique` (`alias`),
  ADD KEY `topics_course_id_foreign` (`course_id`);

--
-- Индексы таблицы `users`
--
ALTER TABLE `users`
  ADD PRIMARY KEY (`id`),
  ADD UNIQUE KEY `users_email_unique` (`email`),
  ADD KEY `users_role_id_foreign` (`role_id`),
  ADD KEY `users_group_id_foreign` (`group_id`);

--
-- Индексы таблицы `user_courses`
--
ALTER TABLE `user_courses`
  ADD PRIMARY KEY (`id`),
  ADD KEY `user_courses_user_id_foreign` (`user_id`),
  ADD KEY `user_courses_course_id_foreign` (`course_id`);

--
-- AUTO_INCREMENT для сохранённых таблиц
--

--
-- AUTO_INCREMENT для таблицы `answers`
--
ALTER TABLE `answers`
  MODIFY `id` int(10) UNSIGNED NOT NULL AUTO_INCREMENT, AUTO_INCREMENT=201;

--
-- AUTO_INCREMENT для таблицы `assignments`
--
ALTER TABLE `assignments`
  MODIFY `id` int(10) UNSIGNED NOT NULL AUTO_INCREMENT, AUTO_INCREMENT=6;

--
-- AUTO_INCREMENT для таблицы `assignment_results`
--
ALTER TABLE `assignment_results`
  MODIFY `id` int(10) UNSIGNED NOT NULL AUTO_INCREMENT, AUTO_INCREMENT=31;

--
-- AUTO_INCREMENT для таблицы `courses`
--
ALTER TABLE `courses`
  MODIFY `id` int(10) UNSIGNED NOT NULL AUTO_INCREMENT, AUTO_INCREMENT=10;

--
-- AUTO_INCREMENT для таблицы `groups`
--
ALTER TABLE `groups`
  MODIFY `id` int(10) UNSIGNED NOT NULL AUTO_INCREMENT, AUTO_INCREMENT=11;

--
-- AUTO_INCREMENT для таблицы `migrations`
--
ALTER TABLE `migrations`
  MODIFY `id` int(10) UNSIGNED NOT NULL AUTO_INCREMENT, AUTO_INCREMENT=25;

--
-- AUTO_INCREMENT для таблицы `pages`
--
ALTER TABLE `pages`
  MODIFY `id` int(10) UNSIGNED NOT NULL AUTO_INCREMENT, AUTO_INCREMENT=21;

--
-- AUTO_INCREMENT для таблицы `questions`
--
ALTER TABLE `questions`
  MODIFY `id` int(10) UNSIGNED NOT NULL AUTO_INCREMENT, AUTO_INCREMENT=51;

--
-- AUTO_INCREMENT для таблицы `resources`
--
ALTER TABLE `resources`
  MODIFY `id` int(10) UNSIGNED NOT NULL AUTO_INCREMENT, AUTO_INCREMENT=9;

--
-- AUTO_INCREMENT для таблицы `resource_types`
--
ALTER TABLE `resource_types`
  MODIFY `id` int(10) UNSIGNED NOT NULL AUTO_INCREMENT, AUTO_INCREMENT=6;

--
-- AUTO_INCREMENT для таблицы `roles`
--
ALTER TABLE `roles`
  MODIFY `id` int(10) UNSIGNED NOT NULL AUTO_INCREMENT, AUTO_INCREMENT=5;

--
-- AUTO_INCREMENT для таблицы `topics`
--
ALTER TABLE `topics`
  MODIFY `id` int(10) UNSIGNED NOT NULL AUTO_INCREMENT, AUTO_INCREMENT=46;

--
-- AUTO_INCREMENT для таблицы `users`
--
ALTER TABLE `users`
  MODIFY `id` int(10) UNSIGNED NOT NULL AUTO_INCREMENT, AUTO_INCREMENT=135;

--
-- AUTO_INCREMENT для таблицы `user_courses`
--
ALTER TABLE `user_courses`
  MODIFY `id` int(10) UNSIGNED NOT NULL AUTO_INCREMENT, AUTO_INCREMENT=31;

--
-- Ограничения внешнего ключа сохраненных таблиц
--

--
-- Ограничения внешнего ключа таблицы `answers`
--
ALTER TABLE `answers`
  ADD CONSTRAINT `answers_question_id_foreign` FOREIGN KEY (`question_id`) REFERENCES `questions` (`id`) ON DELETE CASCADE ON UPDATE CASCADE;

--
-- Ограничения внешнего ключа таблицы `assignments`
--
ALTER TABLE `assignments`
  ADD CONSTRAINT `assignments_course_id_foreign` FOREIGN KEY (`course_id`) REFERENCES `courses` (`id`) ON DELETE CASCADE ON UPDATE CASCADE;

--
-- Ограничения внешнего ключа таблицы `assignment_results`
--
ALTER TABLE `assignment_results`
  ADD CONSTRAINT `assignment_results_assignment_id_foreign` FOREIGN KEY (`assignment_id`) REFERENCES `assignments` (`id`) ON DELETE CASCADE ON UPDATE CASCADE,
  ADD CONSTRAINT `assignment_results_user_course_id_foreign` FOREIGN KEY (`user_course_id`) REFERENCES `user_courses` (`id`) ON DELETE CASCADE ON UPDATE CASCADE;

--
-- Ограничения внешнего ключа таблицы `courses`
--
ALTER TABLE `courses`
  ADD CONSTRAINT `courses_author_id_foreign` FOREIGN KEY (`author_id`) REFERENCES `users` (`id`) ON UPDATE CASCADE;

--
-- Ограничения внешнего ключа таблицы `pages`
--
ALTER TABLE `pages`
  ADD CONSTRAINT `pages_topic_id_foreign` FOREIGN KEY (`topic_id`) REFERENCES `topics` (`id`) ON DELETE CASCADE ON UPDATE CASCADE;

--
-- Ограничения внешнего ключа таблицы `questions`
--
ALTER TABLE `questions`
  ADD CONSTRAINT `questions_assignment_id_foreign` FOREIGN KEY (`assignment_id`) REFERENCES `assignments` (`id`) ON DELETE CASCADE ON UPDATE CASCADE;

--
-- Ограничения внешнего ключа таблицы `resources`
--
ALTER TABLE `resources`
  ADD CONSTRAINT `resources_course_id_foreign` FOREIGN KEY (`course_id`) REFERENCES `courses` (`id`) ON DELETE CASCADE ON UPDATE CASCADE,
  ADD CONSTRAINT `resources_resource_type_id_foreign` FOREIGN KEY (`resource_type_id`) REFERENCES `resource_types` (`id`);

--
-- Ограничения внешнего ключа таблицы `topics`
--
ALTER TABLE `topics`
  ADD CONSTRAINT `topics_course_id_foreign` FOREIGN KEY (`course_id`) REFERENCES `courses` (`id`) ON DELETE CASCADE ON UPDATE CASCADE;

--
-- Ограничения внешнего ключа таблицы `users`
--
ALTER TABLE `users`
  ADD CONSTRAINT `users_group_id_foreign` FOREIGN KEY (`group_id`) REFERENCES `groups` (`id`) ON UPDATE CASCADE,
  ADD CONSTRAINT `users_role_id_foreign` FOREIGN KEY (`role_id`) REFERENCES `roles` (`id`);

--
-- Ограничения внешнего ключа таблицы `user_courses`
--
ALTER TABLE `user_courses`
  ADD CONSTRAINT `user_courses_course_id_foreign` FOREIGN KEY (`course_id`) REFERENCES `courses` (`id`) ON UPDATE CASCADE,
  ADD CONSTRAINT `user_courses_user_id_foreign` FOREIGN KEY (`user_id`) REFERENCES `users` (`id`) ON UPDATE CASCADE;
COMMIT;

/*!40101 SET CHARACTER_SET_CLIENT=@OLD_CHARACTER_SET_CLIENT */;
/*!40101 SET CHARACTER_SET_RESULTS=@OLD_CHARACTER_SET_RESULTS */;
/*!40101 SET COLLATION_CONNECTION=@OLD_COLLATION_CONNECTION */;
